timestamp,strategy,symbol,side,price,qty,sl,tp,order_id,status
2026-08-18 11:07:15,aggressor,SOPHUSDT,BUY,0.0443,3761.2,0.0434,0.0457,100001,CLOSED_PROFIT
2026-08-18 11:18:11,aggressor,PORTALUSDT,SELL,0.2802,1249.1,0.283,0.2692,100003,CLOSED_PROFIT
2026-08-18 11:19:55,aggressor,ETHUSDT,BUY,2627.58,0.1014,2599.59,2703.21,100005,CLOSED_PROFIT
2026-08-18 11:16:54,swing,DOGEUSDT,BUY,0.1021,2310.6,0.101,0.1043,100007,CLOSED_PROFIT
2026-08-18 11:23:36,supertrend,DOGEUSDT,BUY,0.1063,2786.8,0.1042,0.1096,100009,CLOSED_PROFIT
2026-08-18 11:32:45,adx_ema,SOLUSDT,BUY,142.64,1.2434,140.64,145.68,100011,CLOSED_PROFIT
2026-08-18 11:21:01,ml,SOPHUSDT,BUY,0.044,7954.5,0.0431,0.0452,100013,CLOSED_PROFIT
2026-08-18 11:25:03,aggressor,TRXUSDT,BUY,0.1322,2284.8,0.1297,0.1357,100015,CLOSED_PROFIT
2026-08-18 11:34:03,adx_ema,SOPHUSDT,BUY,0.0457,6000.7,0.0451,0.0464,100017,CLOSED_PROFIT
2026-08-18 11:20:58,aggressor,PAXGUSDT,BUY,2457.72,0.1424,2404.44,2533.69,100019,CLOSED_PROFIT
2026-08-18 11:28:31,supertrend,SPCXBUSDT,BUY,1.2306,219.8927,1.2048,1.2792,100021,CLOSED_LOSS
2026-08-18 11:33:41,scalper,PAXGUSDT,SELL,2579.93,0.1357,2632.43,2486.05,100023,CLOSED_LOSS
2026-08-18 11:13:11,aggressor,TRXUSDT,BUY,0.1315,1643.7,0.129,0.1335,100025,CLOSED_PROFIT
2026-08-18 11:38:22,swing,ETHUSDT,BUY,2676.87,0.0725,2612.54,2762.88,100027,CLOSED_PROFIT
2026-08-18 11:25:45,adx_ema,ETHUSDT,BUY,2637.85,0.1327,2584.83,2755.3,100029,CLOSED_LOSS
2026-08-18 11:41:39,scalper,SOLUSDT,SELL,141.87,1.8489,145.15,139.42,100031,CLOSED_PROFIT
2026-08-18 11:26:10,aggressor,BTCUSDT,BUY,63143.44,0.0055,61657.26,64402.46,100033,CLOSED_PROFIT
2026-08-18 11:14:58,ml,LINKUSDT,BUY,10.9916,16.1014,10.7604,11.1766,100035,CLOSED_PROFIT
2026-08-18 11:33:26,aggressor,BNBUSDT,BUY,564.98,0.5226,555.91,589.41,100037,CLOSED_PROFIT
2026-08-18 11:24:53,swing,SOPHUSDT,BUY,0.0442,7918.6,0.0435,0.0458,100039,CLOSED_LOSS
2026-08-18 11:24:14,swing,TRXUSDT,BUY,0.1353,2020.9,0.1332,0.1376,100041,CLOSED_PROFIT
2026-08-18 11:20:15,adx_ema,PORTALUSDT,BUY,0.2924,1085.1,0.2883,0.3046,100043,CLOSED_PROFIT
2026-08-18 11:26:45,adx_ema,SOLUSDT,SELL,142.83,2.4087,145.62,137.13,100045,CLOSED_LOSS
2026-08-18 11:28:23,adx_ema,BNBUSDT,SELL,582.12,0.5766,593.98,570.79,100047,CLOSED_PROFIT
2026-08-18 11:30:04,supertrend,BTCUSDT,BUY,65019.9,0.0034,64269.45,67516.89,100049,CLOSED_LOSS
2026-08-18 11:25:05,scalper,BNBUSDT,BUY,568.84,0.6153,559.64,588.8,100051,CLOSED_PROFIT
2026-08-18 11:39:33,aggressor,ADAUSDT,BUY,0.3486,1004.0,0.3408,0.3629,100053,CLOSED_PROFIT
2026-08-18 11:37:16,supertrend,SPCXBUSDT,SELL,1.2635,277.0083,1.2767,1.2113,100055,CLOSED_LOSS
2026-08-18 11:32:45,ml,PORTALUSDT,BUY,0.2839,1232.8,0.2772,0.2898,100057,CLOSED_PROFIT
2026-08-18 11:28:32,adx_ema,SOPHUSDT,BUY,0.0448,7812.5,0.0439,0.0464,100059,CLOSED_PROFIT
2026-08-18 11:32:33,adx_ema,ADAUSDT,BUY,0.3484,1004.6,0.341,0.3554,100061,CLOSED_PROFIT
2026-08-18 11:41:37,ml,SOLUSDT,SELL,144.49,2.4223,147.66,138.16,100063,CLOSED_PROFIT
2026-08-18 11:22:02,aggressor,DOGEUSDT,BUY,0.1033,1597.2,0.1019,0.1063,100065,CLOSED_PROFIT
2026-08-18 11:46:32,adx_ema,SOLUSDT,SELL,144.13,2.0786,147.5,138.25,100067,CLOSED_PROFIT
2026-08-18 11:35:29,aggressor,TRXUSDT,BUY,0.1346,2600.3,0.1313,0.139,100069,CLOSED_PROFIT
2026-08-18 11:38:35,swing,ADAUSDT,BUY,0.3602,856.7,0.3553,0.3725,100071,CLOSED_PROFIT
2026-08-18 11:45:19,adx_ema,ETHUSDT,BUY,2613.7,0.1295,2582.14,2671.04,100073,CLOSED_PROFIT
2026-08-18 11:47:45,ml,PAXGUSDT,BUY,2465.85,0.1419,2419.59,2554.29,100075,CLOSED_PROFIT
2026-08-18 11:46:46,ml,LINKUSDT,BUY,11.1921,27.2478,11.0149,11.5846,100077,CLOSED_PROFIT
2026-08-18 11:31:20,swing,PORTALUSDT,SELL,0.2866,1043.4,0.2913,0.2748,100079,CLOSED_PROFIT
2026-08-18 11:45:04,ml,DOGEUSDT,SELL,0.1034,1323.1,0.1053,0.0987,100081,CLOSED_PROFIT
2026-08-18 11:39:10,aggressor,SPCXBUSDT,BUY,1.2754,272.8713,1.2536,1.2989,100083,CLOSED_LOSS
2026-08-18 11:37:16,swing,PORTALUSDT,BUY,0.2929,492.6,0.2886,0.3032,100085,CLOSED_LOSS
2026-08-18 11:25:33,adx_ema,HEMIUSDT,BUY,0.0063,55555.6,0.0062,0.0065,100087,CLOSED_PROFIT
2026-08-18 11:48:42,swing,ETHUSDT,BUY,2705.58,0.1294,2639.53,2797.75,100089,CLOSED_PROFIT
2026-08-18 11:40:22,supertrend,SOPHUSDT,SELL,0.0448,7812.5,0.0458,0.043,100091,CLOSED_PROFIT
2026-08-18 11:45:44,ml,SOPHUSDT,BUY,0.045,7260.7,0.0443,0.046,100093,CLOSED_LOSS
2026-08-18 11:52:52,scalper,PAXGUSDT,BUY,2543.14,0.1376,2491.36,2630.57,100095,CLOSED_PROFIT
2026-08-18 11:35:28,scalper,HEMIUSDT,BUY,0.0062,56451.6,0.0061,0.0064,100097,CLOSED_PROFIT
2026-08-18 11:30:04,aggressor,DOGEUSDT,BUY,0.1032,3391.5,0.1007,0.1064,100099,CLOSED_LOSS
2026-08-18 11:43:49,supertrend,BNBUSDT,BUY,572.15,0.6117,560.44,582.9,100101,CLOSED_PROFIT
2026-08-18 11:30:00,ml,TRXUSDT,BUY,0.1324,2298.0,0.1301,0.1377,100103,CLOSED_PROFIT
2026-08-18 11:45:45,swing,BNBUSDT,BUY,597.19,0.5091,585.79,620.31,100105,CLOSED_PROFIT
2026-08-18 11:33:41,ml,PORTALUSDT,BUY,0.2869,1219.9,0.2831,0.293,100107,CLOSED_PROFIT
2026-08-18 11:37:46,ml,BTCUSDT,SELL,62704.7,0.0055,63992.96,60910.03,100109,CLOSED_LOSS
2026-08-18 11:48:35,aggressor,ADAUSDT,BUY,0.3637,925.4,0.3592,0.3725,100111,CLOSED_LOSS
2026-08-18 11:38:07,supertrend,HEMIUSDT,BUY,0.0062,41151.6,0.0061,0.0064,100113,CLOSED_PROFIT
2026-08-18 11:44:52,aggressor,PORTALUSDT,BUY,0.2895,950.5,0.2847,0.2963,100115,CLOSED_LOSS
2026-08-18 11:44:05,supertrend,TRXUSDT,BUY,0.1336,1286.8,0.1314,0.1376,100117,CLOSED_LOSS
2026-08-18 11:46:36,supertrend,ETHUSDT,BUY,2588.93,0.1352,2531.01,2627.85,100119,CLOSED_PROFIT
2026-08-18 11:52:45,ml,PORTALUSDT,BUY,0.2799,1250.4,0.2753,0.29,100121,CLOSED_PROFIT
2026-08-18 11:48:40,swing,LINKUSDT,SELL,10.9266,32.0319,11.1115,10.7242,100123,CLOSED_LOSS
2026-08-18 11:34:27,ml,ADAUSDT,BUY,0.3541,536.3,0.3474,0.3673,100125,CLOSED_PROFIT
2026-08-18 11:50:54,swing,DOGEUSDT,BUY,0.1036,3322.3,0.101,0.1067,100127,CLOSED_PROFIT
2026-08-18 11:49:04,ml,ADAUSDT,BUY,0.3652,730.4,0.3569,0.3752,100129,CLOSED_LOSS
2026-08-18 11:36:45,adx_ema,SOPHUSDT,SELL,0.0463,7559.4,0.047,0.0455,100131,CLOSED_PROFIT
2026-08-18 12:02:51,adx_ema,ADAUSDT,BUY,0.3544,987.6,0.3472,0.3666,100133,CLOSED_LOSS
2026-08-18 11:37:32,adx_ema,SOPHUSDT,BUY,0.0453,7532.9,0.0447,0.0463,100135,CLOSED_LOSS
2026-08-18 11:53:55,scalper,TRXUSDT,BUY,0.1313,2665.7,0.1292,0.1338,100137,CLOSED_LOSS
2026-08-18 12:02:28,swing,ETHUSDT,BUY,2649.63,0.1262,2597.78,2725.91,100139,CLOSED_PROFIT
2026-08-18 11:48:33,aggressor,BNBUSDT,BUY,596.97,0.5863,584.82,614.11,100141,CLOSED_LOSS
2026-08-18 11:37:31,supertrend,PORTALUSDT,BUY,0.2768,1264.5,0.274,0.2881,100143,CLOSED_LOSS
2026-08-18 11:57:42,scalper,SPCXBUSDT,BUY,1.2602,277.7337,1.234,1.304,100145,CLOSED_PROFIT
2026-08-18 11:55:06,ml,LINKUSDT,BUY,11.3561,17.1758,11.1152,11.5863,100147,CLOSED_LOSS
2026-08-18 12:02:51,scalper,LINKUSDT,SELL,11.5141,30.3975,11.7681,11.1796,100149,CLOSED_LOSS
2026-08-18 11:57:29,swing,SPCXBUSDT,BUY,1.2718,166.9366,1.2504,1.3165,100151,CLOSED_PROFIT
2026-08-18 12:06:04,adx_ema,ETHUSDT,SELL,2574.48,0.1359,2635.57,2518.77,100153,CLOSED_PROFIT
2026-08-18 12:01:15,scalper,ETHUSDT,BUY,2618.89,0.0995,2557.85,2668.83,100155,CLOSED_LOSS
2026-08-18 11:46:11,swing,ADAUSDT,SELL,0.3583,976.8,0.3669,0.3499,100157,CLOSED_PROFIT
2026-08-18 11:46:26,adx_ema,ETHUSDT,BUY,2580.13,0.1357,2517.6,2682.63,100159,CLOSED_LOSS
2026-08-18 11:47:34,supertrend,BTCUSDT,BUY,64593.39,0.0054,63410.48,66698.58,100161,CLOSED_PROFIT
2026-08-18 12:06:56,supertrend,BTCUSDT,BUY,63653.22,0.0054,62189.4,64859.71,100163,CLOSED_PROFIT
2026-08-18 11:57:38,aggressor,LINKUSDT,SELL,11.2175,31.2012,11.4606,10.8765,100165,CLOSED_PROFIT
2026-08-18 11:43:37,ml,LINKUSDT,BUY,11.5351,30.3422,11.4011,11.9547,100167,CLOSED_PROFIT
2026-08-18 12:10:24,swing,LINKUSDT,SELL,11.5324,30.3493,11.7525,11.3251,100169,CLOSED_LOSS
2026-08-18 11:52:23,scalper,HEMIUSDT,SELL,0.0063,55555.6,0.0064,0.0061,100171,CLOSED_LOSS
2026-08-18 12:02:09,ml,SOPHUSDT,BUY,0.0459,3389.8,0.0449,0.0477,100173,CLOSED_LOSS
2026-08-18 11:50:12,supertrend,ADAUSDT,BUY,0.365,958.9,0.3582,0.3728,100175,CLOSED_LOSS
2026-08-18 11:43:51,aggressor,DOGEUSDT,BUY,0.1069,3274.1,0.1045,0.1105,100177,CLOSED_PROFIT
2026-08-18 12:08:40,scalper,BTCUSDT,BUY,65106.06,0.0038,64315.1,67366.56,100179,CLOSED_LOSS
2026-08-18 11:45:35,ml,SOLUSDT,SELL,143.62,2.437,146.73,139.02,100181,CLOSED_PROFIT
2026-08-18 11:58:53,aggressor,SOPHUSDT,SELL,0.0454,7709.3,0.046,0.0437,100183,CLOSED_PROFIT
2026-08-18 12:10:43,swing,TRXUSDT,BUY,0.1327,2637.5,0.131,0.1385,100185,CLOSED_PROFIT
2026-08-18 11:58:36,adx_ema,TRXUSDT,BUY,0.132,2415.5,0.1296,0.1366,100187,CLOSED_LOSS
2026-08-18 12:12:50,aggressor,TRXUSDT,SELL,0.1356,2581.1,0.1372,0.1335,100189,CLOSED_LOSS
2026-08-18 12:12:29,ml,ETHUSDT,BUY,2639.77,0.0875,2578.9,2738.43,100191,CLOSED_PROFIT
2026-08-18 11:52:14,swing,PAXGUSDT,BUY,2487.58,0.1407,2457.19,2532.57,100193,CLOSED_PROFIT
2026-08-18 12:08:03,adx_ema,BNBUSDT,SELL,588.85,0.5944,602.9,570.05,100195,CLOSED_PROFIT
2026-08-18 12:02:34,ml,BNBUSDT,SELL,577.99,0.4507,584.26,560.52,100197,CLOSED_PROFIT
2026-08-18 12:09:48,adx_ema,ETHUSDT,SELL,2644.07,0.1324,2706.04,2568.74,100199,CLOSED_PROFIT
2026-08-18 12:12:08,aggressor,BNBUSDT,BUY,590.82,0.5924,584.16,611.13,100201,CLOSED_PROFIT
2026-08-18 11:59:49,scalper,PORTALUSDT,BUY,0.2921,1198.2,0.2862,0.2969,100203,CLOSED_PROFIT
2026-08-18 11:53:13,supertrend,LINKUSDT,BUY,10.9188,32.0548,10.7588,11.2975,100205,CLOSED_PROFIT
2026-08-18 12:03:41,ml,PAXGUSDT,BUY,2535.62,0.138,2484.19,2613.7,100207,CLOSED_PROFIT
2026-08-18 12:08:04,scalper,BNBUSDT,SELL,569.28,0.6148,577.5,547.28,100209,CLOSED_LOSS
2026-08-18 11:51:34,supertrend,SOPHUSDT,SELL,0.0441,7251.9,0.045,0.0422,100211,CLOSED_PROFIT
2026-08-18 12:13:39,swing,TRXUSDT,SELL,0.1328,2635.5,0.1357,0.1272,100213,CLOSED_LOSS
2026-08-18 12:03:35,supertrend,SPCXBUSDT,SELL,1.285,272.3735,1.3005,1.2561,100215,CLOSED_PROFIT
2026-08-18 12:06:43,supertrend,ETHUSDT,BUY,2613.87,0.1339,2570.58,2727.29,100217,CLOSED_LOSS
2026-08-18 12:03:11,ml,BTCUSDT,BUY,63066.29,0.0028,62134.15,64199.75,100219,CLOSED_LOSS
2026-08-18 12:16:59,adx_ema,TRXUSDT,SELL,0.1346,967.0,0.1365,0.1292,100221,CLOSED_PROFIT
2026-08-18 12:10:52,supertrend,SOLUSDT,BUY,142.72,2.4524,141.16,148.44,100223,CLOSED_PROFIT
2026-08-18 12:05:18,scalper,HEMIUSDT,SELL,0.006,58333.3,0.0061,0.0058,100225,CLOSED_PROFIT
2026-08-18 11:55:43,swing,SPCXBUSDT,SELL,1.278,154.9687,1.2979,1.2302,100227,CLOSED_PROFIT
2026-08-18 12:17:34,swing,SPCXBUSDT,BUY,1.2158,287.8763,1.2004,1.2625,100229,CLOSED_PROFIT
2026-08-18 12:22:05,adx_ema,ETHUSDT,BUY,2617.16,0.0623,2589.34,2729.7,100231,CLOSED_PROFIT
2026-08-18 12:06:15,supertrend,LINKUSDT,BUY,11.0476,31.6811,10.8708,11.3591,100233,CLOSED_LOSS
2026-08-18 11:57:49,swing,DOGEUSDT,BUY,0.1064,2389.8,0.104,0.1097,100235,CLOSED_PROFIT
2026-08-18 12:04:53,adx_ema,PORTALUSDT,BUY,0.2882,725.2,0.2816,0.2956,100237,CLOSED_LOSS
2026-08-18 12:10:53,adx_ema,ETHUSDT,BUY,2652.08,0.132,2624.32,2759.38,100239,CLOSED_PROFIT
2026-08-18 12:09:56,ml,DOGEUSDT,BUY,0.1061,3298.8,0.1038,0.1095,100241,CLOSED_PROFIT
2026-08-18 12:17:39,adx_ema,BTCUSDT,SELL,63567.61,0.0055,64942.23,61271.48,100243,CLOSED_PROFIT
2026-08-18 12:08:05,aggressor,SOLUSDT,BUY,144.58,2.4208,142.94,149.71,100245,CLOSED_LOSS
2026-08-18 12:04:27,supertrend,PAXGUSDT,BUY,2541.9,0.1377,2486.22,2618.82,100247,CLOSED_LOSS
2026-08-18 12:22:33,supertrend,BTCUSDT,SELL,64656.95,0.0054,65387.14,63087.16,100249,CLOSED_PROFIT
2026-08-18 12:20:16,aggressor,PORTALUSDT,BUY,0.2874,1217.8,0.283,0.2993,100251,CLOSED_PROFIT
2026-08-18 12:16:34,swing,ADAUSDT,BUY,0.3554,650.2,0.3469,0.3631,100253,CLOSED_LOSS
2026-08-18 12:05:07,adx_ema,SOLUSDT,BUY,146.09,2.01,143.22,150.88,100255,CLOSED_LOSS
2026-08-18 12:20:47,swing,DOGEUSDT,BUY,0.1024,3418.0,0.101,0.1046,100257,CLOSED_LOSS
2026-08-18 12:14:18,adx_ema,LINKUSDT,SELL,11.0286,31.7357,11.2139,10.6353,100259,CLOSED_PROFIT
2026-08-18 12:09:39,supertrend,BNBUSDT,BUY,596.54,0.38,585.55,611.2,100261,CLOSED_PROFIT
2026-08-18 12:06:23,ml,LINKUSDT,BUY,11.5109,30.406,11.2346,11.9326,100263,CLOSED_PROFIT
2026-08-18 12:18:15,ml,LINKUSDT,BUY,11.4992,30.4369,11.3471,11.7934,100265,CLOSED_PROFIT
2026-08-18 12:21:14,swing,LINKUSDT,BUY,11.1536,31.38,10.9143,11.4433,100267,CLOSED_PROFIT
2026-08-18 12:13:46,ml,ETHUSDT,BUY,2701.72,0.1295,2669.49,2750.08,100269,CLOSED_PROFIT
2026-08-18 12:20:12,swing,SOLUSDT,BUY,141.04,1.5679,138.63,145.09,100271,CLOSED_PROFIT
2026-08-18 12:14:21,ml,BNBUSDT,BUY,580.25,0.6032,569.55,597.22,100273,CLOSED_LOSS
2026-08-18 12:19:51,adx_ema,LINKUSDT,SELL,11.0424,31.696,11.2486,10.8014,100275,CLOSED_PROFIT
2026-08-18 12:27:27,ml,SPCXBUSDT,BUY,1.2149,288.0896,1.2024,1.2446,100277,CLOSED_PROFIT
2026-08-18 12:19:59,adx_ema,TRXUSDT,BUY,0.1352,2588.8,0.1329,0.1388,100279,CLOSED_LOSS
2026-08-18 12:14:34,adx_ema,SOPHUSDT,SELL,0.0442,7185.3,0.0448,0.0422,100281,CLOSED_LOSS
2026-08-18 12:31:31,ml,DOGEUSDT,BUY,0.1037,3375.1,0.1013,0.1065,100283,CLOSED_LOSS
2026-08-18 12:14:49,aggressor,HEMIUSDT,SELL,0.0063,55555.6,0.0064,0.0062,100285,CLOSED_PROFIT
2026-08-18 12:06:08,scalper,SOLUSDT,BUY,146.2,1.4172,143.16,148.83,100287,CLOSED_LOSS
2026-08-18 12:28:38,adx_ema,ADAUSDT,SELL,0.3582,977.1,0.3633,0.3522,100289,CLOSED_PROFIT
2026-08-18 12:08:04,ml,BNBUSDT,BUY,597.3,0.586,582.94,623.5,100291,CLOSED_PROFIT
2026-08-18 12:32:10,supertrend,DOGEUSDT,SELL,0.1075,2400.4,0.109,0.1033,100293,CLOSED_PROFIT
2026-08-18 12:25:14,adx_ema,BTCUSDT,BUY,63758.25,0.0055,62301.87,66430.44,100295,CLOSED_PROFIT
2026-08-18 12:27:56,scalper,BNBUSDT,BUY,595.17,0.3111,585.23,608.86,100297,CLOSED_LOSS
2026-08-18 12:32:02,scalper,HEMIUSDT,BUY,0.0062,50056.5,0.0061,0.0065,100299,CLOSED_PROFIT
2026-08-18 12:24:58,swing,DOGEUSDT,BUY,0.1079,3243.7,0.1052,0.1107,100301,CLOSED_LOSS
2026-08-18 12:16:13,scalper,SPCXBUSDT,SELL,1.2521,279.5304,1.2667,1.2022,100303,CLOSED_PROFIT
2026-08-18 12:23:54,ml,PAXGUSDT,BUY,2542.67,0.1377,2500.25,2585.05,100305,CLOSED_PROFIT
2026-08-18 12:28:37,supertrend,SOPHUSDT,SELL,0.0443,3495.0,0.0448,0.0431,100307,CLOSED_LOSS
2026-08-18 12:23:37,aggressor,TRXUSDT,SELL,0.1324,2184.4,0.1352,0.1266,100309,CLOSED_PROFIT
2026-08-18 12:36:47,aggressor,ADAUSDT,BUY,0.3469,1008.9,0.3428,0.3623,100311,CLOSED_PROFIT
2026-08-18 12:39:01,swing,ADAUSDT,BUY,0.3496,794.7,0.3412,0.3624,100313,CLOSED_LOSS
2026-08-18 12:26:48,scalper,SOLUSDT,BUY,145.82,2.4002,142.45,149.08,100315,CLOSED_PROFIT
2026-08-18 12:22:33,swing,BNBUSDT,BUY,590.99,0.5922,579.78,611.78,100317,CLOSED_LOSS
2026-08-18 12:29:35,ml,SOLUSDT,BUY,141.18,2.4791,137.84,145.95,100319,CLOSED_PROFIT
2026-08-18 12:37:14,swing,SPCXBUSDT,SELL,1.2431,190.6283,1.2656,1.2155,100321,CLOSED_PROFIT
2026-08-18 12:31:46,ml,PAXGUSDT,BUY,2493.2,0.1052,2465.31,2564.24,100323,CLOSED_LOSS
2026-08-18 12:25:16,adx_ema,ADAUSDT,BUY,0.3484,1004.6,0.342,0.3586,100325,CLOSED_PROFIT
2026-08-18 12:23:59,adx_ema,SOLUSDT,SELL,148.61,2.3552,150.98,145.31,100327,CLOSED_PROFIT
2026-08-18 12:25:25,supertrend,LINKUSDT,SELL,11.1772,31.3137,11.4167,10.9022,100329,CLOSED_PROFIT
2026-08-18 12:34:36,scalper,HEMIUSDT,BUY,0.0062,56451.6,0.0061,0.0063,100331,CLOSED_LOSS
2026-08-18 12:34:05,ml,LINKUSDT,SELL,10.9771,31.8846,11.2055,10.6516,100333,CLOSED_LOSS
2026-08-18 12:28:44,aggressor,BTCUSDT,BUY,63166.21,0.0055,61864.51,64131.03,100335,CLOSED_PROFIT
2026-08-18 12:17:01,adx_ema,TRXUSDT,BUY,0.131,1898.7,0.1286,0.134,100337,CLOSED_PROFIT
2026-08-18 12:19:32,scalper,SPCXBUSDT,BUY,1.2518,265.5296,1.2345,1.2839,100339,CLOSED_PROFIT
2026-08-18 12:30:12,adx_ema,SOLUSDT,BUY,146.6,2.3874,143.25,152.14,100341,CLOSED_PROFIT
2026-08-18 12:19:08,scalper,HEMIUSDT,SELL,0.0063,55555.6,0.0065,0.006,100343,CLOSED_PROFIT
2026-08-18 12:18:38,supertrend,TRXUSDT,BUY,0.1365,2417.3,0.1338,0.1393,100345,CLOSED_LOSS
2026-08-18 12:45:29,supertrend,ETHUSDT,BUY,2660.6,0.1315,2612.42,2731.15,100347,CLOSED_LOSS
2026-08-18 12:45:20,supertrend,HEMIUSDT,BUY,0.0062,56451.6,0.0061,0.0065,100349,CLOSED_PROFIT
2026-08-18 12:43:41,scalper,TRXUSDT,SELL,0.1344,2604.2,0.1359,0.1299,100351,CLOSED_PROFIT
2026-08-18 12:24:17,adx_ema,HEMIUSDT,SELL,0.0061,23359.0,0.0062,0.0059,100353,CLOSED_PROFIT
2026-08-18 12:30:08,swing,PAXGUSDT,BUY,2438.66,0.093,2392.4,2498.98,100355,CLOSED_PROFIT
2026-08-18 12:30:50,swing,SOLUSDT,SELL,142.12,1.7698,143.85,139.28,100357,CLOSED_PROFIT
2026-08-18 12:32:16,adx_ema,SOLUSDT,BUY,144.63,1.0353,142.33,150.45,100359,CLOSED_PROFIT
2026-08-18 12:41:06,supertrend,BNBUSDT,BUY,579.27,0.436,570.7,600.73,100361,CLOSED_LOSS
2026-08-18 12:46:41,ml,SPCXBUSDT,BUY,1.2824,272.9258,1.2661,1.3312,100363,CLOSED_PROFIT
2026-08-18 12:35:09,supertrend,SPCXBUSDT,SELL,1.263,171.8131,1.2804,1.2382,100365,CLOSED_PROFIT
2026-08-18 12:48:56,ml,PORTALUSDT,BUY,0.29,1206.9,0.2848,0.2999,100367,CLOSED_PROFIT
2026-08-18 12:48:36,swing,SOPHUSDT,SELL,0.0463,7559.4,0.0468,0.0455,100369,CLOSED_PROFIT
2026-08-18 12:33:37,ml,SOLUSDT,SELL,144.68,2.4191,146.45,138.18,100371,CLOSED_PROFIT
2026-08-18 12:39:23,scalper,HEMIUSDT,BUY,0.0061,57377.0,0.006,0.0062,100373,CLOSED_PROFIT
2026-08-18 12:40:08,supertrend,BTCUSDT,BUY,65138.0,0.0054,63947.37,66761.87,100375,CLOSED_PROFIT
2026-08-18 12:31:48,adx_ema,BNBUSDT,SELL,563.62,0.6001,574.26,548.59,100377,CLOSED_PROFIT
2026-08-18 12:45:35,aggressor,PORTALUSDT,BUY,0.282,1109.1,0.2755,0.2907,100379,CLOSED_PROFIT
2026-08-18 12:29:39,supertrend,DOGEUSDT,BUY,0.107,3271.0,0.1049,0.1089,100381,CLOSED_PROFIT
2026-08-18 12:31:57,scalper,HEMIUSDT,SELL,0.0062,56451.6,0.0063,0.006,100383,CLOSED_PROFIT
2026-08-18 12:48:45,supertrend,BNBUSDT,BUY,592.72,0.5905,585.06,608.44,100385,CLOSED_PROFIT
2026-08-18 12:32:37,ml,HEMIUSDT,BUY,0.006,44481.7,0.0059,0.0061,100387,CLOSED_LOSS
2026-08-18 12:42:21,swing,PAXGUSDT,BUY,2475.04,0.1414,2430.17,2568.36,100389,CLOSED_PROFIT
2026-08-18 12:31:43,adx_ema,HEMIUSDT,BUY,0.0063,27668.3,0.0062,0.0064,100391,CLOSED_LOSS
2026-08-18 12:48:30,supertrend,HEMIUSDT,BUY,0.0062,56451.6,0.0061,0.0064,100393,CLOSED_PROFIT
2026-08-18 12:52:29,swing,LINKUSDT,BUY,10.9551,31.9486,10.8358,11.2106,100395,CLOSED_LOSS
2026-08-18 12:55:12,adx_ema,SOLUSDT,SELL,141.89,2.4667,144.11,139.44,100397,CLOSED_PROFIT
2026-08-18 12:52:04,supertrend,HEMIUSDT,SELL,0.0061,41827.9,0.0062,0.0059,100399,CLOSED_LOSS
2026-08-18 12:56:43,scalper,ADAUSDT,BUY,0.3549,776.2,0.3484,0.3616,100401,CLOSED_PROFIT
2026-08-18 12:53:44,aggressor,BTCUSDT,BUY,62068.34,0.0056,61447.03,64783.27,100403,CLOSED_LOSS
2026-08-18 12:54:31,supertrend,BNBUSDT,BUY,571.31,0.6126,564.18,586.67,100405,CLOSED_LOSS
2026-08-18 12:58:57,aggressor,HEMIUSDT,BUY,0.0062,32087.1,0.0061,0.0063,100407,CLOSED_PROFIT
2026-08-18 12:59:14,aggressor,TRXUSDT,SELL,0.1317,2657.6,0.1337,0.1285,100409,CLOSED_LOSS
2026-08-18 12:39:18,swing,ETHUSDT,BUY,2640.48,0.1326,2608.08,2712.7,100411,CLOSED_PROFIT
2026-08-18 12:52:47,adx_ema,PORTALUSDT,BUY,0.2929,790.0,0.2888,0.298,100413,CLOSED_LOSS
2026-08-18 12:36:34,supertrend,SOPHUSDT,BUY,0.0457,4421.4,0.0446,0.0477,100415,CLOSED_PROFIT
2026-08-18 12:59:26,aggressor,PAXGUSDT,BUY,2454.58,0.1426,2416.58,2541.69,100417,CLOSED_PROFIT
2026-08-18 12:47:17,scalper,LINKUSDT,BUY,11.5015,26.2374,11.2635,11.9387,100419,CLOSED_PROFIT
2026-08-18 13:00:03,supertrend,BNBUSDT,BUY,565.35,0.6191,558.38,579.37,100421,CLOSED_LOSS
2026-08-18 12:59:43,adx_ema,LINKUSDT,BUY,10.9029,20.8779,10.7197,11.2656,100423,CLOSED_LOSS
2026-08-18 13:00:25,scalper,HEMIUSDT,BUY,0.0062,56451.6,0.0061,0.0063,100425,CLOSED_LOSS
2026-08-18 12:47:32,aggressor,SPCXBUSDT,SELL,1.2329,222.2402,1.2559,1.2116,100427,CLOSED_PROFIT
2026-08-18 12:36:05,scalper,DOGEUSDT,BUY,0.1075,3010.7,0.1052,0.1091,100429,CLOSED_PROFIT
2026-08-18 12:40:09,scalper,BNBUSDT,SELL,570.41,0.6136,578.85,547.72,100431,CLOSED_PROFIT
2026-08-18 12:36:46,swing,SOLUSDT,SELL,141.25,2.2885,144.45,137.74,100433,CLOSED_PROFIT
2026-08-18 13:04:05,swing,HEMIUSDT,SELL,0.0062,56451.6,0.0063,0.006,100435,CLOSED_PROFIT
2026-08-18 12:55:25,scalper,BTCUSDT,BUY,65218.27,0.0036,63735.53,67619.38,100437,CLOSED_LOSS
2026-08-18 13:03:16,adx_ema,BNBUSDT,BUY,564.13,0.6204,554.99,587.75,100439,CLOSED_PROFIT
2026-08-18 13:02:06,ml,SOPHUSDT,BUY,0.0448,7812.5,0.0442,0.0459,100441,CLOSED_LOSS
2026-08-18 12:42:43,scalper,LINKUSDT,BUY,10.9555,31.7512,10.8286,11.2676,100443,CLOSED_PROFIT
2026-08-18 12:46:21,supertrend,TRXUSDT,BUY,0.1379,2230.4,0.1359,0.1429,100445,CLOSED_LOSS
2026-08-18 12:54:52,scalper,HEMIUSDT,SELL,0.0062,56451.6,0.0064,0.0061,100447,CLOSED_PROFIT
2026-08-18 13:01:21,aggressor,TRXUSDT,BUY,0.131,2671.8,0.1294,0.1362,100449,CLOSED_LOSS
2026-08-18 12:44:26,aggressor,LINKUSDT,BUY,10.9969,31.8272,10.8718,11.4414,100451,CLOSED_PROFIT
2026-08-18 12:45:45,ml,PORTALUSDT,SELL,0.277,1263.5,0.2807,0.2713,100453,CLOSED_PROFIT
2026-08-18 13:08:18,supertrend,SOPHUSDT,SELL,0.046,5678.5,0.0467,0.0447,100455,CLOSED_PROFIT
2026-08-18 12:42:24,aggressor,SPCXBUSDT,BUY,1.2485,280.3364,1.2254,1.2793,100457,CLOSED_PROFIT
2026-08-18 12:43:50,ml,BTCUSDT,BUY,65305.86,0.0043,64391.71,67884.69,100459,CLOSED_LOSS
2026-08-18 13:06:15,ml,SPCXBUSDT,BUY,1.2257,285.5511,1.2006,1.2777,100461,CLOSED_PROFIT
2026-08-18 12:54:06,scalper,PORTALUSDT,BUY,0.2795,492.6,0.2742,0.2839,100463,CLOSED_LOSS
2026-08-18 12:55:39,adx_ema,DOGEUSDT,BUY,0.1022,3076.7,0.101,0.1041,100465,CLOSED_LOSS
2026-08-18 12:54:26,aggressor,PORTALUSDT,BUY,0.282,1241.1,0.2773,0.2916,100467,CLOSED_PROFIT
2026-08-18 13:03:35,supertrend,SPCXBUSDT,BUY,1.2409,282.0533,1.2252,1.2596,100469,CLOSED_PROFIT
2026-08-18 12:55:21,scalper,BTCUSDT,BUY,64032.05,0.0039,63073.65,65141.99,100471,CLOSED_PROFIT
2026-08-18 12:46:30,adx_ema,HEMIUSDT,SELL,0.006,57016.7,0.0061,0.0058,100473,CLOSED_PROFIT
2026-08-18 12:50:50,ml,ADAUSDT,BUY,0.356,687.0,0.3478,0.3683,100475,CLOSED_PROFIT
2026-08-18 12:48:52,aggressor,LINKUSDT,BUY,11.5035,14.8277,11.3237,11.9287,100477,CLOSED_PROFIT
2026-08-18 13:05:01,aggressor,HEMIUSDT,BUY,0.0062,38545.2,0.0061,0.0065,100479,CLOSED_LOSS
2026-08-18 12:49:31,supertrend,SOPHUSDT,BUY,0.0439,7972.7,0.0431,0.0446,100481,CLOSED_PROFIT
2026-08-18 13:03:02,scalper,TRXUSDT,BUY,0.1326,2639.5,0.1303,0.135,100483,CLOSED_PROFIT
2026-08-18 13:15:57,swing,SOPHUSDT,BUY,0.0447,5978.3,0.0442,0.046,100485,CLOSED_PROFIT
2026-08-18 13:06:04,adx_ema,ETHUSDT,SELL,2724.84,0.1284,2786.45,2617.07,100487,CLOSED_LOSS
2026-08-18 13:09:23,ml,SOLUSDT,BUY,144.08,2.3406,141.4,148.48,100489,CLOSED_PROFIT
2026-08-18 13:17:06,scalper,BNBUSDT,BUY,566.99,0.6173,557.62,592.46,100491,CLOSED_PROFIT
2026-08-18 13:15:43,ml,ETHUSDT,BUY,2706.7,0.1293,2679.13,2804.17,100493,CLOSED_PROFIT
2026-08-18 13:02:32,swing,PORTALUSDT,BUY,0.2861,712.0,0.2809,0.2933,100495,CLOSED_LOSS
2026-08-18 12:57:59,scalper,BTCUSDT,SELL,62143.08,0.0056,62800.66,59552.51,100497,CLOSED_PROFIT
2026-08-18 13:00:33,aggressor,DOGEUSDT,BUY,0.1038,3371.9,0.1017,0.1084,100499,CLOSED_LOSS
2026-08-18 13:18:44,adx_ema,LINKUSDT,BUY,10.9903,31.8463,10.7582,11.4056,100501,CLOSED_PROFIT
2026-08-18 12:53:06,adx_ema,LINKUSDT,BUY,11.3885,30.7328,11.2449,11.8583,100503,CLOSED_PROFIT
2026-08-18 13:11:50,scalper,HEMIUSDT,BUY,0.0063,55555.6,0.0062,0.0064,100505,CLOSED_PROFIT
2026-08-18 12:57:32,swing,PORTALUSDT,BUY,0.2792,1253.6,0.2735,0.2858,100507,CLOSED_LOSS
2026-08-18 12:56:54,adx_ema,SOLUSDT,BUY,142.99,1.556,139.89,148.43,100509,CLOSED_LOSS
2026-08-18 13:20:57,supertrend,SOLUSDT,BUY,144.34,2.1956,142.35,148.53,100511,CLOSED_LOSS
2026-08-18 13:02:08,adx_ema,PAXGUSDT,BUY,2479.65,0.0638,2418.09,2564.5,100513,CLOSED_LOSS
2026-08-18 13:16:01,scalper,SOLUSDT,BUY,147.66,2.3703,144.72,152.89,100515,CLOSED_PROFIT
2026-08-18 13:06:18,ml,ADAUSDT,BUY,0.3517,995.2,0.3448,0.362,100517,CLOSED_PROFIT
2026-08-18 13:05:56,supertrend,BNBUSDT,SELL,567.05,0.6172,579.21,555.43,100519,CLOSED_LOSS
2026-08-18 13:14:42,supertrend,HEMIUSDT,BUY,0.0062,56451.6,0.0061,0.0063,100521,CLOSED_LOSS
2026-08-18 13:10:56,aggressor,PAXGUSDT,BUY,2496.91,0.1402,2434.77,2560.03,100523,CLOSED_PROFIT
2026-08-18 13:01:30,aggressor,SPCXBUSDT,BUY,1.2598,249.103,1.2471,1.289,100525,CLOSED_PROFIT
2026-08-18 12:56:38,swing,BNBUSDT,SELL,576.64,0.607,582.73,564.54,100527,CLOSED_LOSS
2026-08-18 12:58:48,aggressor,SOLUSDT,BUY,142.62,2.4541,140.97,146.91,100529,CLOSED_LOSS
2026-08-18 13:24:42,adx_ema,TRXUSDT,SELL,0.1381,2534.4,0.1413,0.1345,100531,CLOSED_PROFIT
2026-08-18 13:18:41,adx_ema,SOLUSDT,BUY,141.72,2.4697,139.51,146.57,100533,CLOSED_PROFIT
2026-08-18 13:19:20,aggressor,SOPHUSDT,BUY,0.0448,7812.5,0.044,0.0457,100535,CLOSED_PROFIT
2026-08-18 13:15:14,swing,SOPHUSDT,BUY,0.0448,7812.5,0.0439,0.0459,100537,CLOSED_PROFIT
2026-08-18 12:58:45,scalper,PAXGUSDT,SELL,2479.18,0.0903,2511.7,2372.59,100539,CLOSED_PROFIT
2026-08-18 13:14:40,adx_ema,PORTALUSDT,BUY,0.2927,1157.3,0.2866,0.305,100541,CLOSED_LOSS
2026-08-18 13:01:03,aggressor,BTCUSDT,BUY,64842.07,0.0054,63779.31,66040.16,100543,CLOSED_PROFIT
2026-08-18 13:09:11,supertrend,DOGEUSDT,BUY,0.1074,2919.3,0.106,0.1103,100545,CLOSED_LOSS
2026-08-18 13:16:49,ml,SPCXBUSDT,BUY,1.2224,286.322,1.1947,1.2445,100547,CLOSED_LOSS
2026-08-18 13:14:48,ml,PORTALUSDT,BUY,0.2912,1201.9,0.2844,0.2998,100549,CLOSED_PROFIT
2026-08-18 13:23:50,adx_ema,BTCUSDT,BUY,63572.77,0.0055,62524.28,65912.22,100551,CLOSED_LOSS
2026-08-18 13:12:53,aggressor,PORTALUSDT,BUY,0.2851,1227.6,0.2815,0.2958,100553,CLOSED_LOSS
2026-08-18 13:12:48,adx_ema,PAXGUSDT,SELL,2557.76,0.0896,2605.32,2512.64,100555,CLOSED_PROFIT
2026-08-18 13:19:47,ml,ETHUSDT,BUY,2659.08,0.0508,2608.39,2748.35,100557,CLOSED_PROFIT
2026-08-18 13:18:17,supertrend,DOGEUSDT,BUY,0.1072,3264.9,0.1052,0.1111,100559,CLOSED_PROFIT
2026-08-18 13:28:36,supertrend,BTCUSDT,BUY,63681.7,0.0038,62188.16,65577.67,100561,CLOSED_LOSS
2026-08-18 13:25:17,scalper,SOLUSDT,SELL,142.53,2.4556,144.68,137.15,100563,CLOSED_LOSS
2026-08-18 13:30:45,adx_ema,TRXUSDT,SELL,0.131,2671.8,0.1332,0.1267,100565,CLOSED_LOSS
2026-08-18 13:28:09,adx_ema,BNBUSDT,BUY,576.08,0.6076,565.96,591.37,100567,CLOSED_LOSS
2026-08-18 13:29:14,ml,LINKUSDT,BUY,11.1414,31.4144,10.98,11.543,100569,CLOSED_LOSS
2026-08-18 13:27:06,scalper,SOLUSDT,BUY,148.66,2.0883,145.0,151.68,100571,CLOSED_PROFIT
2026-08-18 13:07:42,ml,PAXGUSDT,BUY,2566.85,0.087,2537.08,2634.68,100573,CLOSED_PROFIT
2026-08-18 13:09:41,adx_ema,LINKUSDT,BUY,11.4281,30.6263,11.1846,11.6106,100575,CLOSED_PROFIT
2026-08-18 13:20:50,adx_ema,SOLUSDT,BUY,145.1,2.4121,142.14,147.48,100577,CLOSED_LOSS
2026-08-18 13:31:15,aggressor,PAXGUSDT,BUY,2465.28,0.142,2424.24,2518.94,100579,CLOSED_LOSS
2026-08-18 13:20:19,swing,HEMIUSDT,BUY,0.0061,53382.0,0.006,0.0062,100581,CLOSED_PROFIT
2026-08-18 13:29:12,scalper,BNBUSDT,BUY,574.1,0.6096,567.04,588.27,100583,CLOSED_PROFIT
2026-08-18 13:22:28,swing,SPCXBUSDT,BUY,1.2713,203.3824,1.2551,1.293,100585,CLOSED_PROFIT
2026-08-18 13:30:51,scalper,SOLUSDT,BUY,143.79,2.4341,141.21,150.25,100587,CLOSED_PROFIT
2026-08-18 13:18:47,adx_ema,SOLUSDT,BUY,146.59,2.3876,143.05,150.49,100589,CLOSED_PROFIT
2026-08-18 13:35:56,swing,PAXGUSDT,SELL,2441.3,0.1434,2484.53,2335.23,100591,CLOSED_PROFIT
2026-08-18 13:37:50,adx_ema,SOLUSDT,SELL,147.92,2.3661,151.35,142.41,100593,CLOSED_LOSS
2026-08-18 13:19:12,ml,BTCUSDT,BUY,61928.45,0.0047,60790.75,63925.57,100595,CLOSED_PROFIT
2026-08-18 13:34:43,supertrend,ADAUSDT,SELL,0.3587,975.7,0.3656,0.3452,100597,CLOSED_LOSS
2026-08-18 13:18:43,supertrend,ETHUSDT,BUY,2615.26,0.1338,2556.86,2656.91,100599,CLOSED_PROFIT
2026-08-18 13:30:31,adx_ema,LINKUSDT,BUY,11.3191,30.9212,11.0821,11.6156,100601,CLOSED_LOSS
2026-08-18 13:29:32,swing,BTCUSDT,BUY,62755.87,0.0056,61804.63,64474.1,100603,CLOSED_PROFIT
2026-08-18 13:34:28,scalper,LINKUSDT,BUY,11.3149,24.2857,11.0743,11.8207,100605,CLOSED_PROFIT
2026-08-18 13:19:29,aggressor,LINKUSDT,SELL,11.5034,30.4258,11.6589,11.2324,100607,CLOSED_PROFIT
2026-08-18 13:35:10,supertrend,SOPHUSDT,BUY,0.0458,7641.9,0.0451,0.0476,100609,CLOSED_PROFIT
2026-08-18 13:42:27,adx_ema,SOPHUSDT,SELL,0.0449,6650.1,0.0457,0.044,100611,CLOSED_PROFIT
2026-08-18 13:21:24,supertrend,SOLUSDT,BUY,148.41,2.3583,145.12,153.21,100613,CLOSED_LOSS
2026-08-18 13:17:39,ml,PAXGUSDT,BUY,2493.81,0.1403,2436.81,2541.23,100615,CLOSED_PROFIT
2026-08-18 13:31:29,swing,SPCXBUSDT,BUY,1.246,280.8989,1.2212,1.3009,100617,CLOSED_LOSS
2026-08-18 13:16:59,aggressor,SOLUSDT,BUY,142.69,2.4529,139.57,146.49,100619,CLOSED_PROFIT
2026-08-18 13:18:28,swing,HEMIUSDT,BUY,0.0062,56451.6,0.0061,0.0064,100621,CLOSED_PROFIT
2026-08-18 13:18:51,ml,PAXGUSDT,BUY,2508.02,0.1396,2464.06,2556.1,100623,CLOSED_PROFIT
2026-08-18 13:36:48,scalper,BNBUSDT,BUY,585.61,0.5575,578.76,606.26,100625,CLOSED_PROFIT
2026-08-18 13:34:42,aggressor,SOLUSDT,BUY,141.82,2.4679,140.09,144.66,100627,CLOSED_LOSS
2026-08-18 13:22:21,aggressor,SOPHUSDT,BUY,0.0442,7918.6,0.0434,0.0452,100629,CLOSED_LOSS
2026-08-18 13:21:37,adx_ema,PORTALUSDT,BUY,0.2888,1170.3,0.2834,0.2951,100631,CLOSED_PROFIT
2026-08-18 13:21:30,ml,SOPHUSDT,BUY,0.0441,7936.5,0.0431,0.0455,100633,CLOSED_PROFIT
2026-08-18 13:31:45,aggressor,PAXGUSDT,SELL,2490.48,0.0935,2523.96,2393.18,100635,CLOSED_PROFIT
2026-08-18 13:25:37,ml,ETHUSDT,BUY,2646.37,0.1323,2608.66,2755.67,100637,CLOSED_PROFIT
2026-08-18 13:39:33,swing,PORTALUSDT,BUY,0.2829,1237.2,0.2783,0.288,100639,CLOSED_PROFIT
2026-08-18 13:28:39,supertrend,PORTALUSDT,SELL,0.2894,1209.4,0.2944,0.2818,100641,CLOSED_LOSS
2026-08-18 13:39:12,scalper,HEMIUSDT,BUY,0.0062,56451.6,0.0061,0.0064,100643,CLOSED_PROFIT
2026-08-18 13:41:37,ml,BNBUSDT,BUY,591.25,0.592,584.56,604.79,100645,CLOSED_PROFIT
2026-08-18 13:48:41,adx_ema,PORTALUSDT,BUY,0.2926,1196.2,0.2877,0.2988,100647,CLOSED_PROFIT
2026-08-18 13:35:18,swing,PAXGUSDT,BUY,2536.21,0.138,2473.73,2580.86,100649,CLOSED_PROFIT
2026-08-18 13:49:55,swing,SOLUSDT,BUY,148.65,2.3545,145.92,153.48,100651,CLOSED_PROFIT
2026-08-18 13:40:02,ml,TRXUSDT,BUY,0.1324,2643.5,0.1301,0.1357,100653,CLOSED_LOSS
2026-08-18 13:42:57,adx_ema,LINKUSDT,SELL,11.2424,31.1321,11.5169,10.919,100655,CLOSED_LOSS
2026-08-18 13:33:09,ml,ETHUSDT,BUY,2697.73,0.1239,2649.08,2794.91,100657,CLOSED_PROFIT
2026-08-18 13:30:15,swing,ETHUSDT,SELL,2620.41,0.1222,2653.8,2522.45,100659,CLOSED_PROFIT
2026-08-18 13:46:49,scalper,LINKUSDT,BUY,11.4251,30.6343,11.1774,11.6376,100661,CLOSED_PROFIT
2026-08-18 13:42:02,ml,BTCUSDT,BUY,63470.82,0.0055,62008.99,65357.44,100663,CLOSED_PROFIT
2026-08-18 13:29:07,aggressor,BNBUSDT,SELL,595.3,0.3263,608.94,572.51,100665,CLOSED_LOSS
2026-08-18 13:41:31,adx_ema,BTCUSDT,SELL,63808.64,0.0055,64695.29,61801.42,100667,CLOSED_LOSS
2026-08-18 13:45:30,ml,TRXUSDT,SELL,0.1366,2562.2,0.1385,0.1338,100669,CLOSED_LOSS
2026-08-18 13:30:51,scalper,SPCXBUSDT,SELL,1.2272,285.2021,1.2482,1.2084,100671,CLOSED_LOSS
2026-08-18 13:54:28,adx_ema,PAXGUSDT,SELL,2479.89,0.1411,2519.51,2391.32,100673,CLOSED_PROFIT
2026-08-18 13:50:18,adx_ema,TRXUSDT,BUY,0.1339,2613.9,0.132,0.136,100675,CLOSED_LOSS
2026-08-18 13:37:18,adx_ema,SOPHUSDT,BUY,0.0446,7847.5,0.0437,0.0465,100677,CLOSED_PROFIT
2026-08-18 13:37:04,supertrend,SOPHUSDT,SELL,0.0459,3710.9,0.0465,0.0448,100679,CLOSED_PROFIT
2026-08-18 13:53:57,supertrend,SPCXBUSDT,SELL,1.225,285.7143,1.2416,1.1974,100681,CLOSED_PROFIT
2026-08-18 13:51:08,aggressor,ETHUSDT,BUY,2574.69,0.1359,2545.73,2633.58,100683,CLOSED_LOSS
2026-08-18 13:40:18,adx_ema,SOLUSDT,SELL,146.1,2.3402,147.62,141.0,100685,CLOSED_LOSS
2026-08-18 13:48:52,swing,LINKUSDT,BUY,11.5155,30.3938,11.2971,11.9062,100687,CLOSED_PROFIT
2026-08-18 13:57:51,supertrend,LINKUSDT,BUY,11.4048,30.6888,11.2463,11.6797,100689,CLOSED_LOSS
2026-08-18 13:30:41,swing,TRXUSDT,SELL,0.1386,1714.4,0.1409,0.1353,100691,CLOSED_PROFIT
2026-08-18 13:48:30,ml,ADAUSDT,BUY,0.3596,973.3,0.3548,0.3658,100693,CLOSED_LOSS
2026-08-18 13:55:12,adx_ema,LINKUSDT,SELL,10.9903,14.9486,11.1184,10.6753,100695,CLOSED_LOSS
2026-08-18 13:32:13,aggressor,BNBUSDT,BUY,596.44,0.3734,586.55,605.53,100697,CLOSED_PROFIT
2026-08-18 13:45:31,ml,SPCXBUSDT,SELL,1.2648,112.9744,1.2917,1.2403,100699,CLOSED_PROFIT
2026-08-18 13:39:20,ml,LINKUSDT,BUY,11.5189,30.3848,11.2353,11.7771,100701,CLOSED_PROFIT
2026-08-18 13:50:44,scalper,SOPHUSDT,SELL,0.0455,6359.6,0.0464,0.0448,100703,CLOSED_PROFIT
2026-08-18 13:46:53,supertrend,SOLUSDT,BUY,149.12,1.9563,147.6,154.91,100705,CLOSED_LOSS
2026-08-18 13:59:43,adx_ema,PORTALUSDT,BUY,0.2828,618.6,0.2796,0.2923,100707,CLOSED_LOSS
2026-08-18 13:59:14,swing,HEMIUSDT,BUY,0.0062,56451.6,0.0061,0.0064,100709,CLOSED_PROFIT
2026-08-18 13:46:30,scalper,HEMIUSDT,BUY,0.0062,52351.6,0.0061,0.0063,100711,CLOSED_PROFIT
2026-08-18 14:00:05,scalper,PAXGUSDT,BUY,2502.38,0.1399,2460.31,2598.16,100713,CLOSED_PROFIT
2026-08-18 13:54:18,swing,SPCXBUSDT,BUY,1.2666,276.3303,1.2466,1.3055,100715,CLOSED_PROFIT
2026-08-18 13:52:28,supertrend,SOPHUSDT,BUY,0.0451,6802.2,0.0446,0.047,100717,CLOSED_PROFIT
2026-08-18 14:04:43,ml,SOPHUSDT,BUY,0.0446,6593.5,0.0435,0.0455,100719,CLOSED_PROFIT
2026-08-18 13:39:23,swing,DOGEUSDT,BUY,0.1069,2417.8,0.105,0.1109,100721,CLOSED_LOSS
2026-08-18 13:51:19,adx_ema,ETHUSDT,SELL,2600.62,0.1302,2651.02,2547.65,100723,CLOSED_LOSS
2026-08-18 13:58:02,adx_ema,DOGEUSDT,SELL,0.1074,1895.0,0.1091,0.1047,100725,CLOSED_PROFIT
2026-08-18 14:04:07,supertrend,PAXGUSDT,SELL,2549.79,0.1373,2598.56,2468.47,100727,CLOSED_PROFIT
2026-08-18 13:48:39,ml,TRXUSDT,BUY,0.1368,2558.5,0.1344,0.1429,100729,CLOSED_LOSS
2026-08-18 13:47:33,adx_ema,BTCUSDT,BUY,61954.23,0.0046,61088.43,64537.03,100731,CLOSED_LOSS
2026-08-18 13:59:33,scalper,PORTALUSDT,BUY,0.29,1206.9,0.2841,0.2994,100733,CLOSED_LOSS
2026-08-18 14:01:55,aggressor,ADAUSDT,BUY,0.3518,994.9,0.3437,0.3663,100735,CLOSED_LOSS
2026-08-18 13:53:29,supertrend,BTCUSDT,BUY,63652.13,0.0043,62804.8,64703.38,100737,CLOSED_LOSS
2026-08-18 13:54:07,aggressor,PAXGUSDT,SELL,2478.34,0.1038,2506.19,2398.68,100739,CLOSED_PROFIT
2026-08-18 13:58:48,adx_ema,SPCXBUSDT,BUY,1.2486,213.8315,1.2254,1.2883,100741,CLOSED_PROFIT
2026-08-18 13:51:44,adx_ema,DOGEUSDT,BUY,0.1061,3182.2,0.1045,0.1096,100743,CLOSED_PROFIT
2026-08-18 14:06:59,scalper,PORTALUSDT,BUY,0.2923,1197.4,0.2887,0.3031,100745,CLOSED_PROFIT
2026-08-18 14:07:46,aggressor,LINKUSDT,BUY,11.069,31.6009,10.8354,11.3054,100747,CLOSED_PROFIT
2026-08-18 14:03:40,adx_ema,HEMIUSDT,SELL,0.0062,48087.1,0.0063,0.0061,100749,CLOSED_PROFIT
2026-08-18 14:07:13,ml,ETHUSDT,BUY,2707.92,0.1061,2654.46,2767.32,100751,CLOSED_PROFIT
2026-08-18 13:54:48,aggressor,PAXGUSDT,BUY,2510.1,0.1394,2484.19,2566.38,100753,CLOSED_PROFIT
2026-08-18 13:57:02,adx_ema,DOGEUSDT,BUY,0.1058,3308.1,0.1039,0.11,100755,CLOSED_LOSS
2026-08-18 14:05:37,supertrend,PAXGUSDT,BUY,2486.17,0.1042,2434.09,2562.3,100757,CLOSED_LOSS
2026-08-18 13:49:23,ml,BNBUSDT,BUY,578.23,0.5202,567.41,598.77,100759,CLOSED_PROFIT
2026-08-18 14:09:55,ml,BNBUSDT,BUY,573.65,0.6101,566.89,587.72,100761,CLOSED_PROFIT
2026-08-18 14:06:11,supertrend,ADAUSDT,BUY,0.3476,570.7,0.344,0.3631,100763,CLOSED_PROFIT
2026-08-18 13:52:12,adx_ema,SOLUSDT,BUY,141.34,2.4763,138.13,145.45,100765,CLOSED_LOSS
2026-08-18 13:53:16,scalper,BNBUSDT,BUY,576.82,0.6068,562.83,589.32,100767,CLOSED_LOSS
2026-08-18 14:00:13,ml,PORTALUSDT,SELL,0.2916,1200.3,0.2972,0.28,100769,CLOSED_PROFIT
2026-08-18 14:12:16,swing,PAXGUSDT,BUY,2502.71,0.1359,2440.3,2579.2,100771,CLOSED_PROFIT
2026-08-18 14:11:09,supertrend,SOLUSDT,SELL,148.34,2.3594,150.19,144.8,100773,CLOSED_PROFIT
2026-08-18 13:54:07,adx_ema,ETHUSDT,BUY,2694.32,0.1299,2661.91,2768.16,100775,CLOSED_PROFIT
2026-08-18 14:03:46,aggressor,TRXUSDT,BUY,0.1366,2562.2,0.1338,0.1392,100777,CLOSED_LOSS
2026-08-18 13:54:24,swing,HEMIUSDT,SELL,0.0062,26582.3,0.0063,0.0059,100779,CLOSED_LOSS
2026-08-18 13:49:42,supertrend,ADAUSDT,SELL,0.3505,998.6,0.3591,0.3452,100781,CLOSED_PROFIT
2026-08-18 14:08:22,aggressor,SPCXBUSDT,BUY,1.2288,284.8307,1.2084,1.2694,100783,CLOSED_PROFIT
2026-08-18 13:53:06,scalper,BTCUSDT,BUY,64083.98,0.0046,62801.98,66656.34,100785,CLOSED_PROFIT
2026-08-18 14:03:28,adx_ema,BNBUSDT,BUY,596.23,0.587,589.95,618.92,100787,CLOSED_LOSS
2026-08-18 13:52:56,supertrend,ETHUSDT,BUY,2589.9,0.1351,2547.93,2645.05,100789,CLOSED_PROFIT
2026-08-18 14:10:34,ml,ETHUSDT,SELL,2667.31,0.1312,2733.79,2598.99,100791,CLOSED_PROFIT
2026-08-18 14:19:04,scalper,TRXUSDT,BUY,0.1389,904.2,0.1362,0.1415,100793,CLOSED_PROFIT
2026-08-18 14:18:22,supertrend,DOGEUSDT,BUY,0.1059,3305.0,0.1047,0.1084,100795,CLOSED_PROFIT
2026-08-18 13:57:15,adx_ema,ADAUSDT,BUY,0.3485,1004.3,0.3425,0.3587,100797,CLOSED_PROFIT
2026-08-18 14:16:26,ml,DOGEUSDT,BUY,0.1071,3268.0,0.1055,0.1104,100799,CLOSED_PROFIT
2026-08-18 13:57:27,scalper,ETHUSDT,BUY,2624.43,0.1334,2591.65,2711.48,100801,CLOSED_LOSS
2026-08-18 13:59:51,aggressor,HEMIUSDT,SELL,0.006,58333.3,0.0061,0.0059,100803,CLOSED_PROFIT
2026-08-18 14:05:28,ml,ETHUSDT,SELL,2714.39,0.0881,2761.22,2602.51,100805,CLOSED_PROFIT
2026-08-18 14:15:00,scalper,SOPHUSDT,BUY,0.0449,7795.1,0.0444,0.0468,100807,CLOSED_LOSS
2026-08-18 14:06:01,swing,ETHUSDT,BUY,2662.33,0.1315,2622.89,2717.64,100809,CLOSED_LOSS
2026-08-18 14:00:22,scalper,BNBUSDT,BUY,563.13,0.6215,555.75,577.5,100811,CLOSED_LOSS
2026-08-18 13:59:34,scalper,SOLUSDT,BUY,145.99,2.3164,144.25,150.24,100813,CLOSED_PROFIT
2026-08-18 14:22:10,adx_ema,BNBUSDT,BUY,573.47,0.6103,561.96,591.25,100815,CLOSED_LOSS
2026-08-18 14:17:51,adx_ema,SPCXBUSDT,BUY,1.2467,280.7412,1.2255,1.2741,100817,CLOSED_PROFIT
2026-08-18 14:23:25,adx_ema,HEMIUSDT,BUY,0.0062,35471.0,0.0061,0.0064,100819,CLOSED_PROFIT
2026-08-18 14:05:58,ml,ETHUSDT,BUY,2658.93,0.0756,2613.96,2745.92,100821,CLOSED_PROFIT
2026-08-18 14:00:43,supertrend,ETHUSDT,SELL,2695.21,0.1299,2744.18,2635.69,100823,CLOSED_LOSS
2026-08-18 14:26:16,swing,ETHUSDT,BUY,2658.76,0.1316,2594.05,2704.19,100825,CLOSED_PROFIT
2026-08-18 14:21:27,adx_ema,TRXUSDT,BUY,0.1327,2182.6,0.1299,0.1379,100827,CLOSED_PROFIT
2026-08-18 14:14:09,swing,PORTALUSDT,BUY,0.28,1250.0,0.2739,0.2899,100829,CLOSED_LOSS
2026-08-18 14:11:59,aggressor,PORTALUSDT,BUY,0.291,1101.0,0.2839,0.2954,100831,CLOSED_PROFIT
2026-08-18 14:19:06,ml,SOLUSDT,BUY,146.84,2.3835,144.91,149.81,100833,CLOSED_PROFIT
2026-08-18 14:05:12,supertrend,BNBUSDT,BUY,563.0,0.6013,549.9,582.56,100835,CLOSED_PROFIT
2026-08-18 14:01:14,adx_ema,TRXUSDT,BUY,0.1346,2600.3,0.1325,0.1375,100837,CLOSED_PROFIT
2026-08-18 14:21:12,swing,HEMIUSDT,SELL,0.0064,42864.1,0.0065,0.0062,100839,CLOSED_PROFIT
2026-08-18 14:24:39,adx_ema,HEMIUSDT,SELL,0.0062,56451.6,0.0063,0.006,100841,CLOSED_PROFIT
2026-08-18 14:14:17,swing,LINKUSDT,BUY,11.2235,18.5887,10.9587,11.5851,100843,CLOSED_LOSS
2026-08-18 14:23:58,aggressor,BNBUSDT,BUY,564.74,0.5247,558.66,589.99,100845,CLOSED_PROFIT
2026-08-18 14:23:16,aggressor,PAXGUSDT,BUY,2454.66,0.1426,2429.59,2499.69,100847,CLOSED_LOSS
2026-08-18 14:31:32,scalper,SPCXBUSDT,BUY,1.2489,280.2466,1.23,1.2708,100849,CLOSED_PROFIT
2026-08-18 14:31:53,ml,SPCXBUSDT,SELL,1.2669,238.9376,1.2956,1.2458,100851,CLOSED_PROFIT
2026-08-18 14:31:32,supertrend,TRXUSDT,BUY,0.134,2611.9,0.1324,0.1395,100853,CLOSED_PROFIT
2026-08-18 14:08:06,aggressor,SOPHUSDT,BUY,0.0462,7575.8,0.0451,0.0474,100855,CLOSED_PROFIT
2026-08-18 14:07:29,adx_ema,SPCXBUSDT,BUY,1.2515,279.6644,1.2331,1.2707,100857,CLOSED_PROFIT
2026-08-18 14:34:06,ml,SOPHUSDT,BUY,0.0456,4218.9,0.0447,0.0464,100859,CLOSED_PROFIT
2026-08-18 14:12:17,aggressor,HEMIUSDT,BUY,0.0062,56451.6,0.0061,0.0063,100861,CLOSED_PROFIT
2026-08-18 14:08:33,ml,SOPHUSDT,SELL,0.0455,7692.3,0.0461,0.0438,100863,CLOSED_PROFIT
2026-08-18 14:25:18,supertrend,LINKUSDT,SELL,10.9106,32.0789,11.084,10.5357,100865,CLOSED_LOSS
2026-08-18 14:29:33,adx_ema,TRXUSDT,BUY,0.1312,2214.9,0.1284,0.1332,100867,CLOSED_LOSS
2026-08-18 14:34:20,scalper,LINKUSDT,SELL,11.2502,31.1106,11.4455,10.9343,100869,CLOSED_LOSS
2026-08-18 14:30:11,ml,BTCUSDT,BUY,63756.2,0.0055,62466.57,65478.79,100871,CLOSED_PROFIT
2026-08-18 14:30:02,ml,ETHUSDT,BUY,2598.58,0.0797,2565.15,2691.81,100873,CLOSED_LOSS
2026-08-18 14:19:26,scalper,HEMIUSDT,BUY,0.0061,57377.0,0.006,0.0062,100875,CLOSED_PROFIT
2026-08-18 14:32:29,aggressor,BTCUSDT,BUY,62881.71,0.0056,62053.23,65058.39,100877,CLOSED_LOSS
2026-08-18 14:10:15,aggressor,SOLUSDT,BUY,144.9,2.0591,142.11,148.13,100879,CLOSED_PROFIT
2026-08-18 14:12:20,aggressor,SPCXBUSDT,BUY,1.2752,239.7663,1.2603,1.3171,100881,CLOSED_LOSS
2026-08-18 14:15:26,aggressor,DOGEUSDT,BUY,0.1071,3268.0,0.1051,0.1098,100883,CLOSED_LOSS
2026-08-18 14:11:34,scalper,PAXGUSDT,BUY,2574.11,0.0588,2515.65,2660.02,100885,CLOSED_LOSS
2026-08-18 14:26:49,aggressor,BNBUSDT,SELL,586.73,0.5965,593.71,575.41,100887,CLOSED_PROFIT
2026-08-18 14:18:25,aggressor,HEMIUSDT,SELL,0.0062,51721.0,0.0063,0.006,100889,CLOSED_PROFIT
2026-08-18 14:28:28,supertrend,PORTALUSDT,SELL,0.2896,1208.6,0.2933,0.2783,100891,CLOSED_PROFIT
2026-08-18 14:14:29,adx_ema,BTCUSDT,BUY,62393.54,0.0056,60936.58,64177.65,100893,CLOSED_LOSS
2026-08-18 14:24:14,swing,TRXUSDT,BUY,0.1382,2532.6,0.1361,0.1411,100895,CLOSED_PROFIT
2026-08-18 14:34:20,scalper,ETHUSDT,BUY,2630.21,0.1139,2584.8,2739.93,100897,CLOSED_PROFIT
2026-08-18 14:43:01,adx_ema,TRXUSDT,BUY,0.1389,1467.4,0.1361,0.1412,100899,CLOSED_PROFIT
2026-08-18 14:21:45,supertrend,SOLUSDT,BUY,145.68,2.3687,143.32,150.15,100901,CLOSED_PROFIT
2026-08-18 14:14:57,adx_ema,BTCUSDT,BUY,62539.24,0.0049,61043.79,65252.67,100903,CLOSED_PROFIT
2026-08-18 14:34:16,swing,HEMIUSDT,SELL,0.0062,56451.6,0.0063,0.006,100905,CLOSED_LOSS
2026-08-18 14:35:06,scalper,SOLUSDT,BUY,142.73,2.4522,139.87,145.56,100907,CLOSED_LOSS
2026-08-18 14:39:37,scalper,TRXUSDT,BUY,0.1373,2549.2,0.1346,0.1429,100909,CLOSED_PROFIT
2026-08-18 14:18:13,supertrend,SPCXBUSDT,BUY,1.259,277.9984,1.2367,1.3123,100911,CLOSED_PROFIT
2026-08-18 14:35:18,supertrend,BTCUSDT,BUY,64064.54,0.0055,62680.51,65291.52,100913,CLOSED_PROFIT
2026-08-18 14:33:53,scalper,HEMIUSDT,BUY,0.0061,57377.0,0.006,0.0062,100915,CLOSED_PROFIT
2026-08-18 14:33:20,swing,HEMIUSDT,SELL,0.0062,56451.6,0.0063,0.0059,100917,CLOSED_PROFIT
2026-08-18 14:28:08,aggressor,LINKUSDT,BUY,11.0494,31.6759,10.7939,11.3877,100919,CLOSED_PROFIT
2026-08-18 14:36:17,supertrend,TRXUSDT,SELL,0.1369,1195.1,0.1383,0.1316,100921,CLOSED_LOSS
2026-08-18 14:45:54,adx_ema,SOPHUSDT,SELL,0.0453,7726.3,0.0461,0.0442,100923,CLOSED_PROFIT
2026-08-18 14:25:37,supertrend,TRXUSDT,BUY,0.1322,2647.5,0.1297,0.1348,100925,CLOSED_LOSS
2026-08-18 14:42:32,scalper,BNBUSDT,BUY,597.18,0.5861,587.9,609.81,100927,CLOSED_PROFIT
2026-08-18 14:25:33,swing,TRXUSDT,BUY,0.1319,2331.5,0.1291,0.1376,100929,CLOSED_PROFIT
2026-08-18 14:45:31,adx_ema,DOGEUSDT,SELL,0.1075,3255.8,0.1102,0.1037,100931,CLOSED_LOSS
2026-08-18 14:32:12,ml,HEMIUSDT,BUY,0.0063,24834.9,0.0062,0.0064,100933,CLOSED_PROFIT
2026-08-18 14:28:07,scalper,PAXGUSDT,BUY,2438.1,0.1436,2389.16,2481.06,100935,CLOSED_PROFIT
2026-08-18 14:37:06,adx_ema,BTCUSDT,SELL,62158.67,0.0056,63127.88,60695.49,100937,CLOSED_LOSS
2026-08-18 14:42:43,ml,HEMIUSDT,BUY,0.0061,57377.0,0.006,0.0063,100939,CLOSED_PROFIT
2026-08-18 14:48:30,supertrend,PAXGUSDT,SELL,2448.02,0.143,2487.72,2370.48,100941,CLOSED_LOSS
2026-08-18 14:50:09,swing,LINKUSDT,BUY,11.4169,30.6563,11.2181,11.8416,100943,CLOSED_PROFIT
2026-08-18 14:25:50,adx_ema,ETHUSDT,SELL,2599.02,0.1347,2626.12,2500.41,100945,CLOSED_PROFIT
2026-08-18 14:43:51,ml,PORTALUSDT,SELL,0.2931,1194.1,0.2993,0.2885,100947,CLOSED_PROFIT
2026-08-18 14:27:02,scalper,DOGEUSDT,BUY,0.1041,3362.2,0.103,0.1066,100949,CLOSED_PROFIT
2026-08-18 14:28:06,aggressor,SPCXBUSDT,BUY,1.2779,273.8868,1.2593,1.3233,100951,CLOSED_PROFIT
2026-08-18 14:53:38,scalper,BTCUSDT,BUY,64562.26,0.0054,63758.75,65952.69,100953,CLOSED_PROFIT
2026-08-18 14:38:02,swing,HEMIUSDT,SELL,0.0062,50808.1,0.0063,0.006,100955,CLOSED_PROFIT
2026-08-18 14:30:21,supertrend,PAXGUSDT,BUY,2439.03,0.1435,2383.29,2486.03,100957,CLOSED_PROFIT
2026-08-18 14:28:31,aggressor,HEMIUSDT,BUY,0.0063,52115.9,0.0062,0.0065,100959,CLOSED_PROFIT
2026-08-18 14:30:00,supertrend,ETHUSDT,BUY,2694.9,0.1299,2631.52,2750.26,100961,CLOSED_PROFIT
2026-08-18 14:53:23,supertrend,PORTALUSDT,BUY,0.2911,1202.3,0.286,0.2961,100963,CLOSED_PROFIT
2026-08-18 14:50:44,scalper,LINKUSDT,BUY,11.4851,30.4743,11.2885,11.8979,100965,CLOSED_LOSS
2026-08-18 14:40:30,ml,ADAUSDT,BUY,0.353,991.5,0.347,0.3638,100967,CLOSED_LOSS
2026-08-18 14:42:30,supertrend,ETHUSDT,BUY,2631.68,0.133,2578.24,2737.56,100969,CLOSED_PROFIT
2026-08-18 14:33:05,ml,ETHUSDT,BUY,2572.53,0.1361,2531.51,2651.45,100971,CLOSED_PROFIT
2026-08-18 14:43:55,adx_ema,ETHUSDT,BUY,2628.33,0.0851,2568.77,2699.63,100973,CLOSED_LOSS
2026-08-18 14:33:32,supertrend,PORTALUSDT,BUY,0.2846,1229.8,0.2797,0.2913,100975,CLOSED_PROFIT
2026-08-18 14:41:25,scalper,SOPHUSDT,BUY,0.0456,7675.4,0.0451,0.0465,100977,CLOSED_PROFIT
2026-08-18 14:49:20,aggressor,SPCXBUSDT,SELL,1.2276,285.1092,1.2447,1.1965,100979,CLOSED_PROFIT
2026-08-18 14:55:12,ml,ETHUSDT,BUY,2706.11,0.0904,2671.87,2800.23,100981,CLOSED_PROFIT
2026-08-18 14:36:51,ml,HEMIUSDT,BUY,0.0062,56451.6,0.0061,0.0064,100983,CLOSED_PROFIT
2026-08-18 14:32:51,ml,PORTALUSDT,BUY,0.2819,493.0,0.2755,0.2891,100985,CLOSED_LOSS
2026-08-18 14:55:50,ml,ETHUSDT,BUY,2636.0,0.0711,2600.36,2700.22,100987,CLOSED_PROFIT
2026-08-18 14:52:51,aggressor,BNBUSDT,BUY,578.64,0.6049,565.03,591.95,100989,CLOSED_PROFIT
2026-08-18 14:54:11,supertrend,ADAUSDT,SELL,0.3465,1010.1,0.3526,0.3334,100991,CLOSED_PROFIT
2026-08-18 14:36:45,adx_ema,TRXUSDT,BUY,0.1333,2528.2,0.1312,0.1362,100993,CLOSED_LOSS
2026-08-18 14:56:40,supertrend,DOGEUSDT,SELL,0.1045,2230.0,0.1068,0.1014,100995,CLOSED_PROFIT
2026-08-18 15:02:34,swing,LINKUSDT,BUY,11.456,30.5517,11.3094,11.7994,100997,CLOSED_LOSS
2026-08-18 14:49:43,swing,SPCXBUSDT,BUY,1.2517,208.0451,1.2364,1.2962,100999,CLOSED_PROFIT
2026-08-18 14:41:50,scalper,SOPHUSDT,BUY,0.0459,7625.3,0.045,0.0471,101001,CLOSED_PROFIT
2026-08-18 14:58:10,ml,TRXUSDT,SELL,0.1362,1206.4,0.1378,0.1331,101003,CLOSED_PROFIT
2026-08-18 14:48:31,ml,HEMIUSDT,BUY,0.0063,43552.4,0.0062,0.0066,101005,CLOSED_LOSS
2026-08-18 14:54:27,scalper,HEMIUSDT,BUY,0.0062,47040.3,0.0061,0.0064,101007,CLOSED_PROFIT
2026-08-18 14:40:36,aggressor,PORTALUSDT,BUY,0.2907,1204.0,0.2845,0.3032,101009,CLOSED_PROFIT
2026-08-18 14:46:51,supertrend,ADAUSDT,SELL,0.3557,975.6,0.3622,0.3453,101011,CLOSED_LOSS
2026-08-18 15:01:22,adx_ema,TRXUSDT,BUY,0.1311,2669.7,0.1281,0.1357,101013,CLOSED_LOSS
2026-08-18 14:51:37,ml,PAXGUSDT,BUY,2570.72,0.1361,2535.9,2643.4,101015,CLOSED_LOSS
2026-08-18 15:05:34,scalper,ETHUSDT,BUY,2707.15,0.0999,2667.2,2813.72,101017,CLOSED_PROFIT
2026-08-18 14:51:03,adx_ema,TRXUSDT,BUY,0.1368,2558.5,0.1337,0.1417,101019,CLOSED_PROFIT
2026-08-18 14:46:17,supertrend,HEMIUSDT,BUY,0.0063,55555.6,0.0062,0.0065,101021,CLOSED_LOSS
2026-08-18 14:48:46,scalper,ETHUSDT,BUY,2705.17,0.1294,2665.16,2784.57,101023,CLOSED_PROFIT
2026-08-18 14:41:05,supertrend,SPCXBUSDT,BUY,1.2436,281.441,1.2135,1.2952,101025,CLOSED_LOSS
2026-08-18 14:53:16,ml,ETHUSDT,BUY,2682.0,0.0987,2637.93,2743.16,101027,CLOSED_PROFIT
2026-08-18 14:50:13,swing,HEMIUSDT,SELL,0.0063,52161.9,0.0064,0.006,101029,CLOSED_PROFIT
2026-08-18 14:49:36,scalper,ADAUSDT,BUY,0.3598,602.5,0.3519,0.3655,101031,CLOSED_PROFIT
2026-08-18 15:06:09,adx_ema,PORTALUSDT,BUY,0.2766,841.5,0.271,0.2864,101033,CLOSED_PROFIT
2026-08-18 15:02:49,swing,ETHUSDT,BUY,2623.43,0.1334,2557.97,2736.71,101035,CLOSED_LOSS
2026-08-18 14:48:36,swing,LINKUSDT,BUY,11.5209,30.1513,11.2515,11.7079,101037,CLOSED_PROFIT
2026-08-18 15:08:45,aggressor,BNBUSDT,SELL,567.53,0.2869,574.29,544.18,101039,CLOSED_PROFIT
2026-08-18 15:06:05,supertrend,PORTALUSDT,SELL,0.2917,1199.9,0.298,0.286,101041,CLOSED_LOSS
2026-08-18 14:45:27,aggressor,BNBUSDT,BUY,563.85,0.6207,554.52,589.14,101043,CLOSED_PROFIT
2026-08-18 14:50:13,ml,TRXUSDT,BUY,0.1378,2539.9,0.1362,0.1435,101045,CLOSED_LOSS
2026-08-18 14:56:07,swing,SOPHUSDT,BUY,0.0451,7760.5,0.0446,0.0468,101047,CLOSED_PROFIT
2026-08-18 15:05:35,supertrend,ADAUSDT,BUY,0.3476,930.9,0.3407,0.3575,101049,CLOSED_LOSS
2026-08-18 15:13:06,swing,SOPHUSDT,BUY,0.0462,7575.8,0.0452,0.0471,101051,CLOSED_LOSS
2026-08-18 14:51:43,aggressor,HEMIUSDT,BUY,0.0062,56451.6,0.0061,0.0063,101053,CLOSED_PROFIT
2026-08-18 14:59:07,supertrend,ETHUSDT,SELL,2687.51,0.1302,2738.71,2618.25,101055,CLOSED_PROFIT
2026-08-18 14:58:39,supertrend,TRXUSDT,BUY,0.1371,2552.9,0.1348,0.1409,101057,CLOSED_LOSS
2026-08-18 14:57:40,swing,TRXUSDT,BUY,0.1347,2347.1,0.1327,0.1407,101059,CLOSED_LOSS
2026-08-18 14:59:57,aggressor,PORTALUSDT,BUY,0.2852,1227.2,0.2804,0.2956,101061,CLOSED_PROFIT
2026-08-18 15:12:57,aggressor,BTCUSDT,BUY,64590.33,0.0054,63541.14,66924.07,101063,CLOSED_PROFIT
2026-08-18 14:49:16,supertrend,SPCXBUSDT,BUY,1.2283,284.9467,1.2112,1.2715,101065,CLOSED_PROFIT
2026-08-18 15:01:23,ml,SOPHUSDT,SELL,0.046,7608.7,0.0468,0.0445,101067,CLOSED_LOSS
2026-08-18 15:05:55,supertrend,SPCXBUSDT,BUY,1.2226,286.2752,1.1976,1.2478,101069,CLOSED_LOSS
2026-08-18 15:13:53,swing,SOPHUSDT,BUY,0.0445,7865.2,0.044,0.0454,101071,CLOSED_PROFIT
2026-08-18 15:05:05,swing,TRXUSDT,BUY,0.1333,2625.7,0.1313,0.1357,101073,CLOSED_LOSS
2026-08-18 15:07:25,adx_ema,PORTALUSDT,BUY,0.2848,1228.9,0.2793,0.2949,101075,CLOSED_PROFIT
2026-08-18 15:06:29,swing,ADAUSDT,BUY,0.3501,999.7,0.346,0.3619,101077,CLOSED_LOSS
2026-08-18 15:16:00,scalper,HEMIUSDT,BUY,0.0062,56451.6,0.0061,0.0065,101079,CLOSED_LOSS
2026-08-18 15:13:14,adx_ema,HEMIUSDT,SELL,0.0063,55555.6,0.0064,0.0061,101081,CLOSED_PROFIT
2026-08-18 14:59:34,ml,SOPHUSDT,BUY,0.0442,7143.0,0.0435,0.0462,101083,CLOSED_PROFIT
2026-08-18 14:56:58,supertrend,LINKUSDT,BUY,11.4204,30.6469,11.2953,11.7392,101085,CLOSED_PROFIT
2026-08-18 15:08:12,supertrend,SPCXBUSDT,BUY,1.2797,273.5016,1.2553,1.3029,101087,CLOSED_LOSS
2026-08-18 15:17:51,swing,ETHUSDT,BUY,2651.16,0.0735,2616.48,2719.69,101089,CLOSED_PROFIT
2026-08-18 15:22:35,adx_ema,BNBUSDT,BUY,591.11,0.3409,576.6,613.62,101091,CLOSED_LOSS
2026-08-18 15:21:23,aggressor,BNBUSDT,BUY,587.49,0.5958,579.45,609.58,101093,CLOSED_PROFIT
2026-08-18 15:08:39,ml,ADAUSDT,BUY,0.3538,989.3,0.3475,0.3598,101095,CLOSED_LOSS
2026-08-18 15:18:36,aggressor,ADAUSDT,BUY,0.3652,958.4,0.3568,0.3813,101097,CLOSED_LOSS
2026-08-18 15:19:35,aggressor,DOGEUSDT,BUY,0.1063,2889.1,0.1044,0.1104,101099,CLOSED_PROFIT
2026-08-18 15:05:53,scalper,SPCXBUSDT,BUY,1.2153,287.9947,1.1897,1.2381,101101,CLOSED_PROFIT
2026-08-18 15:13:51,supertrend,PAXGUSDT,BUY,2438.9,0.1435,2405.68,2532.13,101103,CLOSED_PROFIT
2026-08-18 15:05:05,adx_ema,LINKUSDT,BUY,10.8961,31.1653,10.7384,11.3004,101105,CLOSED_LOSS
2026-08-18 15:22:37,adx_ema,HEMIUSDT,BUY,0.0061,57377.0,0.006,0.0062,101107,CLOSED_PROFIT
2026-08-18 15:05:11,supertrend,SOLUSDT,BUY,141.93,2.466,140.31,145.87,101109,CLOSED_PROFIT
2026-08-18 15:12:30,swing,ADAUSDT,BUY,0.3568,980.9,0.3495,0.3723,101111,CLOSED_LOSS
2026-08-18 15:04:03,adx_ema,TRXUSDT,BUY,0.1388,2521.6,0.136,0.1428,101113,CLOSED_LOSS
2026-08-18 15:09:10,ml,PORTALUSDT,BUY,0.2828,1237.6,0.2795,0.2896,101115,CLOSED_PROFIT
2026-08-18 15:18:14,swing,SPCXBUSDT,BUY,1.2828,222.3651,1.2664,1.3305,101117,CLOSED_PROFIT
2026-08-18 15:17:11,swing,TRXUSDT,SELL,0.1382,2532.6,0.1411,0.1336,101119,CLOSED_LOSS
2026-08-18 15:23:16,adx_ema,BNBUSDT,BUY,590.43,0.5928,582.46,606.29,101121,CLOSED_LOSS
2026-08-18 15:02:36,adx_ema,BNBUSDT,BUY,582.12,0.4898,574.62,601.66,101123,CLOSED_LOSS
2026-08-18 15:04:06,aggressor,PAXGUSDT,BUY,2579.63,0.0977,2521.73,2683.25,101125,CLOSED_LOSS
2026-08-18 15:05:01,aggressor,PORTALUSDT,BUY,0.2823,620.3,0.2772,0.2898,101127,CLOSED_PROFIT
2026-08-18 15:12:13,aggressor,LINKUSDT,BUY,11.5039,27.6993,11.223,11.7391,101129,CLOSED_PROFIT
2026-08-18 15:06:23,supertrend,DOGEUSDT,BUY,0.1022,3408.5,0.1008,0.1053,101131,CLOSED_PROFIT
2026-08-18 15:11:17,aggressor,ADAUSDT,BUY,0.353,991.5,0.348,0.3685,101133,CLOSED_LOSS
2026-08-18 15:29:59,swing,LINKUSDT,SELL,10.9204,32.0501,11.1882,10.6343,101135,CLOSED_PROFIT
2026-08-18 15:13:03,aggressor,TRXUSDT,SELL,0.1387,2523.4,0.1404,0.1364,101137,CLOSED_PROFIT
2026-08-18 15:08:55,adx_ema,DOGEUSDT,BUY,0.1021,3428.0,0.1006,0.1048,101139,CLOSED_LOSS
2026-08-18 15:11:45,swing,SOLUSDT,BUY,146.18,2.3943,144.12,151.28,101141,CLOSED_PROFIT
2026-08-18 15:18:23,scalper,HEMIUSDT,SELL,0.006,26626.7,0.0061,0.0058,101143,CLOSED_PROFIT
2026-08-18 15:29:11,aggressor,PAXGUSDT,BUY,2487.86,0.1407,2449.62,2538.4,101145,CLOSED_LOSS
2026-08-18 15:27:09,ml,SOLUSDT,BUY,147.12,2.379,144.08,150.17,101147,CLOSED_PROFIT
2026-08-18 15:10:01,supertrend,TRXUSDT,BUY,0.1349,2594.5,0.1335,0.1409,101149,CLOSED_LOSS
2026-08-18 15:24:30,swing,BNBUSDT,BUY,564.87,0.3038,557.02,583.0,101151,CLOSED_LOSS
2026-08-18 15:35:53,adx_ema,HEMIUSDT,SELL,0.006,58333.3,0.0061,0.0058,101153,CLOSED_LOSS
2026-08-18 15:14:07,ml,TRXUSDT,BUY,0.1381,1848.5,0.1358,0.142,101155,CLOSED_PROFIT
2026-08-18 15:22:39,scalper,HEMIUSDT,BUY,0.0064,40468.8,0.0063,0.0066,101157,CLOSED_LOSS
2026-08-18 15:34:48,scalper,LINKUSDT,SELL,11.0242,20.5167,11.1896,10.5962,101159,CLOSED_PROFIT
2026-08-18 15:10:51,ml,SOPHUSDT,BUY,0.0463,7559.4,0.0452,0.048,101161,CLOSED_LOSS
2026-08-18 15:23:11,adx_ema,PORTALUSDT,BUY,0.2782,535.7,0.2719,0.2857,101163,CLOSED_PROFIT
2026-08-18 15:25:04,ml,BTCUSDT,SELL,64624.58,0.0054,65600.04,61837.48,101165,CLOSED_PROFIT
2026-08-18 15:16:20,aggressor,ETHUSDT,BUY,2714.29,0.1012,2672.68,2794.2,101167,CLOSED_PROFIT
2026-08-18 15:23:00,supertrend,BNBUSDT,BUY,573.43,0.6104,566.43,587.34,101169,CLOSED_LOSS
2026-08-18 15:27:04,scalper,BTCUSDT,SELL,62904.94,0.0056,63723.89,61832.28,101171,CLOSED_LOSS
2026-08-18 15:11:22,supertrend,HEMIUSDT,BUY,0.0062,44698.4,0.0061,0.0063,101173,CLOSED_LOSS
2026-08-18 15:11:53,scalper,PORTALUSDT,SELL,0.289,1211.1,0.2951,0.2829,101175,CLOSED_PROFIT
2026-08-18 15:21:46,aggressor,PAXGUSDT,BUY,2501.03,0.1399,2462.52,2611.72,101177,CLOSED_PROFIT
2026-08-18 15:34:52,swing,DOGEUSDT,BUY,0.1031,2274.7,0.1019,0.1072,101179,CLOSED_LOSS
2026-08-18 15:37:12,ml,LINKUSDT,BUY,11.408,30.6802,11.1267,11.9206,101181,CLOSED_PROFIT
2026-08-18 15:33:23,scalper,SPCXBUSDT,SELL,1.2646,264.9454,1.2893,1.2107,101183,CLOSED_PROFIT
2026-08-18 15:29:49,scalper,DOGEUSDT,BUY,0.1073,3261.9,0.1048,0.1096,101185,CLOSED_LOSS
2026-08-18 15:30:21,ml,PAXGUSDT,SELL,2512.85,0.1393,2557.79,2438.72,101187,CLOSED_PROFIT
2026-08-18 15:19:57,aggressor,SOPHUSDT,BUY,0.0461,6957.5,0.0455,0.0474,101189,CLOSED_LOSS
2026-08-18 15:30:58,scalper,ETHUSDT,BUY,2641.18,0.1325,2596.34,2730.01,101191,CLOSED_PROFIT
2026-08-18 15:32:56,supertrend,DOGEUSDT,BUY,0.103,3398.1,0.1014,0.1048,101193,CLOSED_PROFIT
2026-08-18 15:42:04,aggressor,SOLUSDT,BUY,143.78,2.4343,140.89,147.02,101195,CLOSED_LOSS
2026-08-18 15:42:07,adx_ema,BNBUSDT,BUY,589.4,0.5026,574.69,614.96,101197,CLOSED_LOSS
2026-08-18 15:41:21,scalper,SPCXBUSDT,BUY,1.2295,284.6686,1.2077,1.2769,101199,CLOSED_LOSS
2026-08-18 15:42:18,scalper,DOGEUSDT,SELL,0.1032,3391.5,0.1048,0.0999,101201,CLOSED_PROFIT
2026-08-18 15:44:20,scalper,DOGEUSDT,SELL,0.1062,3295.7,0.1081,0.1036,101203,CLOSED_PROFIT
2026-08-18 15:33:21,adx_ema,PORTALUSDT,SELL,0.2799,1250.4,0.2835,0.2748,101205,CLOSED_LOSS
2026-08-18 15:25:23,adx_ema,ETHUSDT,BUY,2701.91,0.1059,2666.83,2816.31,101207,CLOSED_PROFIT
2026-08-18 15:35:06,aggressor,TRXUSDT,BUY,0.1323,2645.5,0.1307,0.1347,101209,CLOSED_LOSS
2026-08-18 15:43:39,scalper,BNBUSDT,SELL,591.06,0.5922,602.07,576.69,101211,CLOSED_LOSS
2026-08-18 15:20:57,ml,BNBUSDT,SELL,583.65,0.4763,594.47,566.3,101213,CLOSED_LOSS
2026-08-18 15:35:39,adx_ema,DOGEUSDT,SELL,0.1057,3311.3,0.1072,0.1013,101215,CLOSED_PROFIT
2026-08-18 15:45:14,ml,ETHUSDT,BUY,2711.3,0.1291,2662.32,2806.19,101217,CLOSED_LOSS
2026-08-18 15:38:08,swing,ADAUSDT,BUY,0.346,937.5,0.3408,0.3559,101219,CLOSED_PROFIT
2026-08-18 15:37:50,supertrend,ADAUSDT,BUY,0.3528,423.1,0.3444,0.3616,101221,CLOSED_PROFIT
2026-08-18 15:39:57,ml,HEMIUSDT,SELL,0.0063,55555.6,0.0064,0.0062,101223,CLOSED_LOSS
2026-08-18 15:50:41,supertrend,SOPHUSDT,SELL,0.0446,4214.1,0.0455,0.0436,101225,CLOSED_LOSS
2026-08-18 15:30:41,adx_ema,ADAUSDT,SELL,0.3455,786.1,0.3529,0.3307,101227,CLOSED_PROFIT
2026-08-18 15:37:09,supertrend,BTCUSDT,BUY,62435.36,0.0056,61033.26,63686.35,101229,CLOSED_PROFIT
2026-08-18 15:23:53,adx_ema,PAXGUSDT,BUY,2575.41,0.1359,2540.68,2622.22,101231,CLOSED_PROFIT
2026-08-18 15:49:59,ml,SOLUSDT,BUY,146.37,2.3912,144.81,152.45,101233,CLOSED_PROFIT
2026-08-18 15:47:53,swing,HEMIUSDT,BUY,0.0064,54687.5,0.0063,0.0066,101235,CLOSED_PROFIT
2026-08-18 15:48:41,ml,SOPHUSDT,BUY,0.0437,8009.2,0.0429,0.0453,101237,CLOSED_LOSS
2026-08-18 15:30:13,aggressor,SPCXBUSDT,BUY,1.2678,276.0688,1.254,1.3011,101239,CLOSED_PROFIT
2026-08-18 15:53:13,swing,HEMIUSDT,BUY,0.0061,57377.0,0.006,0.0063,101241,CLOSED_PROFIT
2026-08-18 15:38:55,scalper,DOGEUSDT,BUY,0.1076,3252.8,0.1054,0.1115,101243,CLOSED_PROFIT
2026-08-18 15:53:27,ml,ETHUSDT,BUY,2578.78,0.1357,2548.14,2630.9,101245,CLOSED_LOSS
2026-08-18 15:48:25,adx_ema,ADAUSDT,BUY,0.3478,820.4,0.3412,0.3562,101247,CLOSED_PROFIT
2026-08-18 15:54:14,supertrend,ETHUSDT,SELL,2597.17,0.1348,2651.77,2498.97,101249,CLOSED_PROFIT
2026-08-18 15:32:13,supertrend,ETHUSDT,BUY,2611.41,0.134,2570.6,2698.06,101251,CLOSED_LOSS
2026-08-18 15:48:03,aggressor,BTCUSDT,SELL,63136.36,0.0055,64470.61,61461.91,101253,CLOSED_PROFIT
2026-08-18 15:50:04,swing,ADAUSDT,BUY,0.3606,970.6,0.3529,0.3698,101255,CLOSED_LOSS
2026-08-18 15:33:51,adx_ema,ADAUSDT,BUY,0.3545,987.3,0.3472,0.3601,101257,CLOSED_PROFIT
2026-08-18 15:31:58,scalper,LINKUSDT,BUY,10.9424,28.0194,10.7699,11.3383,101259,CLOSED_PROFIT
2026-08-18 15:54:29,ml,BNBUSDT,BUY,580.02,0.6034,569.12,601.49,101261,CLOSED_LOSS
2026-08-18 15:30:08,supertrend,SPCXBUSDT,BUY,1.2687,275.8729,1.2501,1.3253,101263,CLOSED_PROFIT
2026-08-18 15:45:52,ml,PAXGUSDT,SELL,2460.4,0.1423,2492.31,2410.06,101265,CLOSED_PROFIT
2026-08-18 15:36:35,adx_ema,BTCUSDT,BUY,62583.13,0.0056,61368.86,64694.22,101267,CLOSED_PROFIT
2026-08-18 15:31:34,aggressor,LINKUSDT,BUY,11.2576,31.0901,11.128,11.4471,101269,CLOSED_LOSS
2026-08-18 15:46:24,scalper,ETHUSDT,SELL,2666.37,0.1313,2730.31,2588.52,101271,CLOSED_PROFIT
2026-08-18 15:56:00,scalper,DOGEUSDT,SELL,0.1042,2057.5,0.1058,0.1023,101273,CLOSED_PROFIT
2026-08-18 15:50:09,swing,BTCUSDT,BUY,65218.55,0.0054,64124.26,67539.39,101275,CLOSED_PROFIT
2026-08-18 16:00:06,adx_ema,BTCUSDT,BUY,65289.17,0.0054,64407.55,67217.56,101277,CLOSED_PROFIT
2026-08-18 15:50:38,adx_ema,SOPHUSDT,SELL,0.0444,4774.1,0.0452,0.043,101279,CLOSED_PROFIT
2026-08-18 15:56:21,adx_ema,LINKUSDT,BUY,11.4664,30.524,11.2587,11.7221,101281,CLOSED_LOSS
2026-08-18 15:52:30,supertrend,BNBUSDT,BUY,570.27,0.5718,556.89,580.93,101283,CLOSED_LOSS
2026-08-18 16:03:54,swing,SOLUSDT,BUY,143.93,2.4317,141.67,148.86,101285,CLOSED_PROFIT
2026-08-18 16:04:13,supertrend,ETHUSDT,BUY,2584.67,0.1354,2529.95,2632.44,101287,CLOSED_PROFIT
2026-08-18 15:56:03,aggressor,LINKUSDT,SELL,11.5225,27.6424,11.7551,11.0743,101289,CLOSED_PROFIT
2026-08-18 16:01:25,ml,PAXGUSDT,BUY,2557.61,0.1039,2505.95,2607.29,101291,CLOSED_LOSS
2026-08-18 15:49:12,supertrend,PORTALUSDT,BUY,0.2811,1245.1,0.2756,0.2871,101293,CLOSED_PROFIT
2026-08-18 16:05:43,scalper,HEMIUSDT,BUY,0.0064,54687.5,0.0063,0.0066,101295,CLOSED_PROFIT
2026-08-18 16:06:24,ml,DOGEUSDT,BUY,0.1066,3283.3,0.1051,0.1104,101297,CLOSED_PROFIT
2026-08-18 15:45:02,swing,SPCXBUSDT,BUY,1.2468,161.3972,1.2213,1.2764,101299,CLOSED_LOSS
2026-08-18 15:54:11,adx_ema,DOGEUSDT,BUY,0.1042,3358.9,0.1029,0.1059,101301,CLOSED_PROFIT
2026-08-18 15:44:19,supertrend,SOPHUSDT,BUY,0.0453,5271.3,0.0447,0.0466,101303,CLOSED_LOSS
2026-08-18 15:56:15,ml,SPCXBUSDT,BUY,1.2599,191.7851,1.2451,1.2834,101305,CLOSED_PROFIT
2026-08-18 16:03:38,supertrend,TRXUSDT,BUY,0.1341,2610.0,0.1322,0.1366,101307,CLOSED_LOSS
2026-08-18 16:04:03,adx_ema,ADAUSDT,SELL,0.3562,982.6,0.3624,0.3453,101309,CLOSED_LOSS
2026-08-18 15:43:06,aggressor,SOPHUSDT,BUY,0.0437,8009.2,0.0432,0.0451,101311,CLOSED_PROFIT
2026-08-18 15:58:15,aggressor,ETHUSDT,BUY,2724.14,0.1285,2670.0,2785.3,101313,CLOSED_LOSS
2026-08-18 16:08:55,scalper,TRXUSDT,BUY,0.1352,2588.8,0.1328,0.1381,101315,CLOSED_PROFIT
2026-08-18 16:03:32,scalper,LINKUSDT,BUY,11.2617,31.0788,11.0778,11.6164,101317,CLOSED_LOSS
2026-08-18 15:54:29,adx_ema,LINKUSDT,BUY,11.2241,26.803,10.9443,11.6271,101319,CLOSED_PROFIT
2026-08-18 16:00:20,scalper,PORTALUSDT,BUY,0.2819,1241.6,0.275,0.2882,101321,CLOSED_PROFIT
2026-08-18 15:50:12,adx_ema,DOGEUSDT,BUY,0.1076,3252.8,0.1052,0.1101,101323,CLOSED_PROFIT
2026-08-18 15:44:41,swing,BNBUSDT,SELL,565.92,0.6185,573.97,552.83,101325,CLOSED_PROFIT
2026-08-18 16:02:50,supertrend,BNBUSDT,SELL,583.21,0.6001,595.28,562.96,101327,CLOSED_LOSS
2026-08-18 16:08:24,scalper,HEMIUSDT,SELL,0.0061,57377.0,0.0062,0.006,101329,CLOSED_LOSS
2026-08-18 16:03:56,aggressor,SOPHUSDT,SELL,0.0457,7658.6,0.0462,0.0447,101331,CLOSED_PROFIT
2026-08-18 16:05:45,aggressor,TRXUSDT,BUY,0.1348,2596.4,0.1317,0.1396,101333,CLOSED_PROFIT
2026-08-18 15:46:34,ml,HEMIUSDT,BUY,0.0064,54687.5,0.0062,0.0067,101335,CLOSED_PROFIT
2026-08-18 15:49:24,scalper,SOLUSDT,BUY,147.95,2.3657,145.53,151.85,101337,CLOSED_PROFIT
2026-08-18 16:07:54,aggressor,SPCXBUSDT,BUY,1.2487,154.9772,1.2244,1.2822,101339,CLOSED_PROFIT
2026-08-18 16:00:06,ml,PORTALUSDT,BUY,0.2766,1265.4,0.2734,0.2837,101341,CLOSED_PROFIT
2026-08-18 15:57:00,aggressor,SOLUSDT,SELL,141.73,2.1684,144.54,138.64,101343,CLOSED_PROFIT
2026-08-18 16:11:25,supertrend,SPCXBUSDT,SELL,1.2617,227.3916,1.2885,1.2426,101345,CLOSED_PROFIT
2026-08-18 16:02:01,ml,BNBUSDT,BUY,593.95,0.3645,583.74,614.71,101347,CLOSED_PROFIT
2026-08-18 15:56:08,ml,DOGEUSDT,BUY,0.1025,1545.5,0.1012,0.1056,101349,CLOSED_PROFIT
2026-08-18 15:54:51,adx_ema,PORTALUSDT,SELL,0.2847,780.2,0.2894,0.2752,101351,CLOSED_PROFIT
2026-08-18 16:18:04,scalper,HEMIUSDT,BUY,0.0062,56451.6,0.0061,0.0064,101353,CLOSED_PROFIT
2026-08-18 16:02:17,scalper,ETHUSDT,BUY,2614.04,0.0816,2587.21,2668.91,101355,CLOSED_PROFIT
2026-08-18 16:14:01,supertrend,SOLUSDT,SELL,141.18,1.7895,142.82,137.52,101357,CLOSED_PROFIT
2026-08-18 15:58:45,aggressor,BNBUSDT,BUY,585.58,0.5069,577.26,605.02,101359,CLOSED_LOSS
2026-08-18 16:12:45,aggressor,ETHUSDT,BUY,2623.16,0.1334,2566.28,2704.13,101361,CLOSED_PROFIT
2026-08-18 15:53:32,scalper,ETHUSDT,BUY,2663.76,0.1314,2629.51,2760.03,101363,CLOSED_LOSS
2026-08-18 16:10:31,ml,HEMIUSDT,BUY,0.006,53243.3,0.0059,0.0062,101365,CLOSED_LOSS
2026-08-18 16:15:36,adx_ema,SOPHUSDT,SELL,0.0438,7990.9,0.0446,0.0431,101367,CLOSED_LOSS
2026-08-18 16:11:26,adx_ema,BTCUSDT,SELL,63481.05,0.0055,64187.26,61695.18,101369,CLOSED_LOSS
2026-08-18 16:17:15,scalper,SOLUSDT,BUY,145.63,1.9202,142.15,150.05,101371,CLOSED_PROFIT
2026-08-18 15:57:37,adx_ema,LINKUSDT,BUY,10.979,17.0498,10.8628,11.1925,101373,CLOSED_PROFIT
2026-08-18 16:02:30,swing,SOLUSDT,BUY,146.29,2.3925,144.11,152.64,101375,CLOSED_LOSS
2026-08-18 16:20:28,supertrend,LINKUSDT,BUY,11.4177,30.6542,11.2733,11.9218,101377,CLOSED_LOSS
2026-08-18 16:02:14,supertrend,SOPHUSDT,SELL,0.0442,7918.6,0.0452,0.0425,101379,CLOSED_LOSS
2026-08-18 16:04:22,aggressor,TRXUSDT,BUY,0.1347,2598.4,0.1322,0.1405,101381,CLOSED_PROFIT
2026-08-18 15:59:51,adx_ema,ADAUSDT,BUY,0.3474,1007.5,0.3406,0.3568,101383,CLOSED_LOSS
2026-08-18 16:04:43,ml,ETHUSDT,BUY,2588.0,0.1125,2525.84,2637.08,101385,CLOSED_PROFIT
2026-08-18 16:06:29,aggressor,SPCXBUSDT,BUY,1.2765,139.9138,1.2492,1.3298,101387,CLOSED_PROFIT
2026-08-18 15:56:28,adx_ema,PAXGUSDT,BUY,2437.89,0.1025,2409.76,2539.29,101389,CLOSED_LOSS
2026-08-18 16:02:38,scalper,ADAUSDT,BUY,0.3492,1002.3,0.3411,0.3631,101391,CLOSED_LOSS
2026-08-18 16:08:41,aggressor,DOGEUSDT,BUY,0.1041,3362.2,0.103,0.1061,101393,CLOSED_PROFIT
2026-08-18 16:21:57,adx_ema,SOPHUSDT,BUY,0.0446,7847.5,0.0437,0.0465,101395,CLOSED_LOSS
2026-08-18 16:12:41,adx_ema,SPCXBUSDT,BUY,1.2236,286.0412,1.1934,1.2719,101397,CLOSED_LOSS
2026-08-18 16:03:14,scalper,DOGEUSDT,SELL,0.1041,3362.2,0.1067,0.1007,101399,CLOSED_LOSS
2026-08-18 16:22:36,ml,ADAUSDT,SELL,0.3557,984.0,0.3624,0.3459,101401,CLOSED_LOSS
2026-08-18 16:11:16,supertrend,SOLUSDT,BUY,149.3,1.6048,145.66,155.66,101403,CLOSED_PROFIT
2026-08-18 16:12:39,ml,LINKUSDT,SELL,11.027,31.7403,11.1601,10.5433,101405,CLOSED_LOSS
2026-08-18 16:00:36,aggressor,DOGEUSDT,BUY,0.1049,3254.2,0.1036,0.1069,101407,CLOSED_PROFIT
2026-08-18 16:24:20,scalper,SPCXBUSDT,BUY,1.2686,275.8947,1.2481,1.3005,101409,CLOSED_PROFIT
2026-08-18 16:20:33,aggressor,SOPHUSDT,BUY,0.0437,8009.2,0.0427,0.0451,101411,CLOSED_PROFIT
2026-08-18 16:26:54,supertrend,BNBUSDT,SELL,596.63,0.3487,608.14,583.76,101413,CLOSED_LOSS
2026-08-18 16:11:04,ml,HEMIUSDT,BUY,0.0063,55555.6,0.0062,0.0065,101415,CLOSED_PROFIT
2026-08-18 16:21:06,supertrend,SPCXBUSDT,BUY,1.2337,234.125,1.2103,1.2802,101417,CLOSED_PROFIT
2026-08-18 16:16:17,aggressor,LINKUSDT,SELL,10.8947,32.1257,11.005,10.6147,101419,CLOSED_PROFIT
2026-08-18 16:30:17,supertrend,HEMIUSDT,BUY,0.0061,57377.0,0.006,0.0063,101421,CLOSED_PROFIT
2026-08-18 16:08:20,scalper,LINKUSDT,SELL,10.9169,32.0604,11.064,10.6825,101423,CLOSED_LOSS
2026-08-18 16:30:22,adx_ema,PAXGUSDT,SELL,2552.97,0.1281,2611.28,2481.67,101425,CLOSED_LOSS
2026-08-18 16:07:20,aggressor,PORTALUSDT,SELL,0.2781,1006.6,0.2822,0.2667,101427,CLOSED_PROFIT
2026-08-18 16:13:31,scalper,LINKUSDT,BUY,11.2514,21.2391,11.0189,11.5757,101429,CLOSED_LOSS
2026-08-18 16:22:42,swing,ETHUSDT,BUY,2628.29,0.1222,2577.58,2721.38,101431,CLOSED_LOSS
2026-08-18 16:13:59,adx_ema,ETHUSDT,SELL,2612.29,0.134,2662.73,2522.65,101433,CLOSED_LOSS
2026-08-18 16:22:02,supertrend,ETHUSDT,BUY,2661.15,0.1315,2599.64,2754.49,101435,CLOSED_LOSS
2026-08-18 16:27:05,aggressor,ETHUSDT,BUY,2716.38,0.1288,2681.09,2783.91,101437,CLOSED_PROFIT
2026-08-18 16:33:18,supertrend,ETHUSDT,BUY,2657.17,0.1317,2622.09,2742.32,101439,CLOSED_PROFIT
2026-08-18 16:10:09,ml,SPCXBUSDT,BUY,1.2166,287.687,1.192,1.2447,101441,CLOSED_PROFIT
2026-08-18 16:19:23,adx_ema,LINKUSDT,SELL,11.2167,31.2035,11.4686,11.0173,101443,CLOSED_LOSS
2026-08-18 16:36:13,ml,DOGEUSDT,SELL,0.1052,3327.0,0.1069,0.1007,101445,CLOSED_PROFIT
2026-08-18 16:24:12,aggressor,SOLUSDT,BUY,146.43,2.3902,143.15,151.85,101447,CLOSED_LOSS
2026-08-18 16:28:42,adx_ema,ETHUSDT,BUY,2653.29,0.0805,2593.62,2703.1,101449,CLOSED_PROFIT
2026-08-18 16:21:49,adx_ema,ADAUSDT,SELL,0.349,662.1,0.356,0.3338,101451,CLOSED_PROFIT
2026-08-18 16:15:49,adx_ema,ETHUSDT,SELL,2636.33,0.1328,2679.53,2519.75,101453,CLOSED_PROFIT
2026-08-18 16:39:29,scalper,PORTALUSDT,SELL,0.2813,1244.2,0.2868,0.2712,101455,CLOSED_PROFIT
2026-08-18 16:38:09,adx_ema,ETHUSDT,SELL,2586.98,0.1353,2633.99,2499.01,101457,CLOSED_PROFIT
2026-08-18 16:39:04,scalper,SOLUSDT,SELL,141.65,2.4709,143.81,136.15,101459,CLOSED_LOSS
2026-08-18 16:11:37,supertrend,BTCUSDT,BUY,62614.59,0.0056,61140.64,65261.94,101461,CLOSED_LOSS
2026-08-18 16:33:53,scalper,BTCUSDT,BUY,62871.69,0.0056,62014.91,65650.91,101463,CLOSED_PROFIT
2026-08-18 16:16:21,scalper,ADAUSDT,BUY,0.3529,726.9,0.3481,0.3657,101465,CLOSED_LOSS
2026-08-18 16:31:17,scalper,PAXGUSDT,BUY,2448.74,0.0553,2395.97,2496.71,101467,CLOSED_LOSS
2026-08-18 16:41:50,adx_ema,BTCUSDT,SELL,64012.3,0.0055,65278.97,62626.26,101469,CLOSED_PROFIT
2026-08-18 16:33:54,supertrend,SPCXBUSDT,BUY,1.2187,138.4754,1.1885,1.2687,101471,CLOSED_PROFIT
2026-08-18 16:30:36,aggressor,BNBUSDT,SELL,591.99,0.5912,598.8,568.98,101473,CLOSED_LOSS
2026-08-18 16:26:07,supertrend,ADAUSDT,BUY,0.3482,470.6,0.3418,0.3598,101475,CLOSED_LOSS
2026-08-18 16:40:48,swing,PORTALUSDT,BUY,0.2854,791.7,0.28,0.2943,101477,CLOSED_PROFIT
2026-08-18 16:27:08,aggressor,SOLUSDT,BUY,142.56,2.4551,140.56,146.76,101479,CLOSED_LOSS
2026-08-18 16:19:10,ml,HEMIUSDT,SELL,0.0064,38500.0,0.0065,0.0062,101481,CLOSED_PROFIT
2026-08-18 16:30:44,scalper,BNBUSDT,SELL,593.32,0.5899,606.51,573.33,101483,CLOSED_PROFIT
2026-08-18 16:17:31,scalper,TRXUSDT,BUY,0.1357,2579.2,0.133,0.1417,101485,CLOSED_PROFIT
2026-08-18 16:17:17,scalper,SPCXBUSDT,BUY,1.2179,287.3799,1.1915,1.2406,101487,CLOSED_LOSS
2026-08-18 16:44:53,supertrend,SPCXBUSDT,BUY,1.2414,281.9397,1.2271,1.2704,101489,CLOSED_LOSS
2026-08-18 16:33:12,ml,SOPHUSDT,BUY,0.0442,5491.6,0.0437,0.0452,101491,CLOSED_PROFIT
2026-08-18 16:31:55,swing,SOLUSDT,BUY,140.81,2.4856,139.39,144.87,101493,CLOSED_PROFIT
2026-08-18 16:21:19,supertrend,BTCUSDT,BUY,63385.29,0.0055,62465.25,64939.22,101495,CLOSED_PROFIT
2026-08-18 16:26:39,ml,BTCUSDT,SELL,63474.61,0.0055,64912.06,60736.88,101497,CLOSED_PROFIT
2026-08-18 16:42:55,adx_ema,DOGEUSDT,BUY,0.1029,3401.4,0.1013,0.1072,101499,CLOSED_LOSS
2026-08-18 16:39:45,aggressor,ETHUSDT,BUY,2612.43,0.134,2571.43,2706.37,101501,CLOSED_PROFIT
2026-08-18 16:46:38,swing,SPCXBUSDT,SELL,1.2626,277.2058,1.2843,1.2251,101503,CLOSED_LOSS
2026-08-18 16:37:33,supertrend,SPCXBUSDT,BUY,1.2544,279.0179,1.228,1.281,101505,CLOSED_PROFIT
2026-08-18 16:31:44,ml,TRXUSDT,SELL,0.1318,2574.6,0.1342,0.1264,101507,CLOSED_LOSS
2026-08-18 16:35:57,scalper,ETHUSDT,BUY,2631.81,0.133,2597.48,2702.89,101509,CLOSED_PROFIT
2026-08-18 16:44:31,aggressor,SOPHUSDT,SELL,0.046,7608.7,0.0471,0.0451,101511,CLOSED_PROFIT
2026-08-18 16:24:01,aggressor,PAXGUSDT,SELL,2466.64,0.1419,2503.65,2396.98,101513,CLOSED_LOSS
2026-08-18 16:31:16,supertrend,SOLUSDT,SELL,142.19,2.4615,144.72,139.59,101515,CLOSED_LOSS
2026-08-18 16:26:39,swing,BTCUSDT,BUY,61845.88,0.0033,60652.05,64101.69,101517,CLOSED_PROFIT
2026-08-18 16:47:31,scalper,TRXUSDT,BUY,0.1338,2615.8,0.131,0.1362,101519,CLOSED_LOSS
2026-08-18 16:30:05,supertrend,BNBUSDT,BUY,569.12,0.615,563.32,585.76,101521,CLOSED_LOSS
2026-08-18 16:34:22,aggressor,SOPHUSDT,SELL,0.0452,7606.6,0.0457,0.0434,101523,CLOSED_LOSS
2026-08-18 16:41:28,scalper,SPCXBUSDT,BUY,1.2353,283.332,1.2093,1.2905,101525,CLOSED_PROFIT
2026-08-18 16:47:47,adx_ema,LINKUSDT,SELL,10.9398,31.9933,11.0526,10.4545,101527,CLOSED_LOSS
2026-08-18 16:47:05,swing,SOLUSDT,BUY,142.44,2.4572,140.21,145.04,101529,CLOSED_LOSS
2026-08-18 16:43:52,scalper,PAXGUSDT,BUY,2568.43,0.1363,2504.45,2630.79,101531,CLOSED_LOSS
2026-08-18 16:36:25,ml,ADAUSDT,BUY,0.3467,888.4,0.3425,0.359,101533,CLOSED_LOSS
2026-08-18 16:41:39,supertrend,TRXUSDT,BUY,0.1311,1489.2,0.1286,0.1333,101535,CLOSED_PROFIT
2026-08-18 16:32:15,scalper,LINKUSDT,BUY,11.3917,30.7241,11.182,11.8885,101537,CLOSED_LOSS
2026-08-18 16:31:08,supertrend,ETHUSDT,BUY,2645.74,0.1323,2594.0,2718.97,101539,CLOSED_LOSS
2026-08-18 16:38:37,scalper,LINKUSDT,BUY,11.4045,30.5309,11.2477,11.718,101541,CLOSED_PROFIT
2026-08-18 16:40:43,scalper,PAXGUSDT,SELL,2449.16,0.1429,2492.16,2362.08,101543,CLOSED_PROFIT
2026-08-18 16:50:14,aggressor,TRXUSDT,SELL,0.1317,2657.6,0.1346,0.1274,101545,CLOSED_PROFIT
2026-08-18 16:38:41,ml,BTCUSDT,SELL,64148.0,0.0055,65287.92,61570.79,101547,CLOSED_LOSS
2026-08-18 16:53:49,aggressor,PORTALUSDT,SELL,0.2883,1214.0,0.2937,0.2796,101549,CLOSED_PROFIT
2026-08-18 16:32:35,scalper,BNBUSDT,BUY,584.46,0.5988,571.55,604.16,101551,CLOSED_PROFIT
2026-08-18 16:47:13,aggressor,PAXGUSDT,BUY,2450.3,0.0955,2411.44,2555.13,101553,CLOSED_LOSS
2026-08-18 16:56:26,swing,LINKUSDT,BUY,11.1545,31.3775,10.906,11.5418,101555,CLOSED_LOSS
2026-08-18 16:36:37,supertrend,LINKUSDT,SELL,11.1109,27.9248,11.3553,10.7896,101557,CLOSED_PROFIT
2026-08-18 16:47:57,aggressor,ADAUSDT,BUY,0.3581,977.4,0.3543,0.3732,101559,CLOSED_LOSS
2026-08-18 16:51:37,supertrend,BNBUSDT,BUY,594.01,0.5892,586.52,605.62,101561,CLOSED_PROFIT
2026-08-18 16:57:00,adx_ema,LINKUSDT,SELL,10.9098,32.0812,11.1764,10.5479,101563,CLOSED_LOSS
2026-08-18 16:55:56,scalper,LINKUSDT,BUY,11.2568,31.0923,11.1392,11.6731,101565,CLOSED_PROFIT
2026-08-18 16:54:32,scalper,DOGEUSDT,BUY,0.1075,3255.8,0.1052,0.1105,101567,CLOSED_PROFIT
2026-08-18 16:42:41,supertrend,TRXUSDT,BUY,0.1336,2619.8,0.1303,0.1379,101569,CLOSED_PROFIT
2026-08-18 16:41:25,adx_ema,SOLUSDT,SELL,147.73,2.3692,150.5,142.73,101571,CLOSED_PROFIT
2026-08-18 16:54:22,ml,DOGEUSDT,BUY,0.103,3398.1,0.101,0.1061,101573,CLOSED_LOSS
2026-08-18 16:38:45,swing,PORTALUSDT,BUY,0.284,1232.4,0.2787,0.2893,101575,CLOSED_PROFIT
2026-08-18 16:41:08,supertrend,PAXGUSDT,BUY,2558.39,0.1368,2517.82,2624.24,101577,CLOSED_LOSS
2026-08-18 16:58:27,swing,SOLUSDT,SELL,146.03,2.3968,148.77,139.73,101579,CLOSED_PROFIT
2026-08-18 16:53:25,supertrend,SOLUSDT,BUY,142.43,2.4573,139.39,148.46,101581,CLOSED_PROFIT
2026-08-18 16:46:14,aggressor,HEMIUSDT,BUY,0.0064,54687.5,0.0063,0.0066,101583,CLOSED_LOSS
2026-08-18 17:04:06,scalper,PAXGUSDT,SELL,2506.63,0.1396,2540.26,2399.0,101585,CLOSED_LOSS
2026-08-18 16:52:46,adx_ema,SOPHUSDT,SELL,0.0438,7990.9,0.0445,0.0426,101587,CLOSED_PROFIT
2026-08-18 17:05:49,scalper,DOGEUSDT,SELL,0.1076,1985.5,0.1087,0.1047,101589,CLOSED_LOSS
2026-08-18 16:48:38,scalper,HEMIUSDT,BUY,0.006,56636.7,0.0059,0.0062,101591,CLOSED_PROFIT
2026-08-18 16:54:13,aggressor,SOPHUSDT,BUY,0.0462,7575.8,0.0452,0.0481,101593,CLOSED_LOSS
2026-08-18 16:56:05,adx_ema,LINKUSDT,BUY,11.0783,27.6387,10.9099,11.381,101595,CLOSED_PROFIT
2026-08-18 17:06:00,scalper,PAXGUSDT,BUY,2453.19,0.1427,2427.34,2507.29,101597,CLOSED_PROFIT
2026-08-18 16:53:24,supertrend,BTCUSDT,SELL,62739.57,0.0056,64171.2,61075.84,101599,CLOSED_PROFIT
2026-08-18 16:52:14,scalper,ADAUSDT,BUY,0.3584,808.7,0.3498,0.3736,101601,CLOSED_LOSS
2026-08-18 17:05:48,aggressor,SOLUSDT,SELL,148.18,2.362,151.33,142.37,101603,CLOSED_LOSS
2026-08-18 17:04:53,ml,TRXUSDT,BUY,0.1387,2523.4,0.1368,0.1446,101605,CLOSED_LOSS
2026-08-18 17:08:21,swing,SPCXBUSDT,BUY,1.2553,153.8756,1.2377,1.2836,101607,CLOSED_PROFIT
2026-08-18 17:01:25,supertrend,SOPHUSDT,BUY,0.0448,2973.2,0.0443,0.046,101609,CLOSED_PROFIT
2026-08-18 16:48:48,swing,LINKUSDT,BUY,11.16,31.362,11.005,11.4931,101611,CLOSED_PROFIT
2026-08-18 17:07:39,aggressor,SOLUSDT,BUY,146.6,2.3874,145.04,151.95,101613,CLOSED_LOSS
2026-08-18 16:56:21,supertrend,SOPHUSDT,BUY,0.0446,5482.1,0.0438,0.0456,101615,CLOSED_LOSS
2026-08-18 16:54:08,ml,SOPHUSDT,BUY,0.0437,8009.2,0.0426,0.0455,101617,CLOSED_LOSS
2026-08-18 16:56:15,scalper,LINKUSDT,BUY,11.2733,31.0468,11.0285,11.6143,101619,CLOSED_LOSS
2026-08-18 17:04:33,adx_ema,BTCUSDT,SELL,64500.55,0.0054,66073.03,61612.89,101621,CLOSED_LOSS
2026-08-18 16:56:35,aggressor,HEMIUSDT,SELL,0.0063,55555.6,0.0064,0.0061,101623,CLOSED_PROFIT
2026-08-18 16:48:23,ml,SOLUSDT,BUY,146.68,2.3861,144.31,149.23,101625,CLOSED_LOSS
2026-08-18 17:06:09,ml,SOLUSDT,BUY,145.6,2.4038,142.97,151.18,101627,CLOSED_LOSS
2026-08-18 16:52:45,supertrend,DOGEUSDT,BUY,0.1044,2986.9,0.1026,0.1087,101629,CLOSED_LOSS
2026-08-18 17:05:06,supertrend,ADAUSDT,BUY,0.347,643.3,0.3399,0.3625,101631,CLOSED_LOSS
2026-08-18 16:48:59,ml,BNBUSDT,BUY,566.74,0.6176,556.04,585.73,101633,CLOSED_PROFIT
2026-08-18 17:05:15,adx_ema,ADAUSDT,SELL,0.3505,850.6,0.355,0.3372,101635,CLOSED_PROFIT
2026-08-18 17:05:07,supertrend,PORTALUSDT,SELL,0.2819,1241.6,0.2859,0.2711,101637,CLOSED_PROFIT
2026-08-18 17:13:39,swing,PORTALUSDT,BUY,0.282,935.4,0.2786,0.2931,101639,CLOSED_PROFIT
2026-08-18 16:57:59,supertrend,PORTALUSDT,BUY,0.2813,788.9,0.2766,0.293,101641,CLOSED_LOSS
2026-08-18 17:07:58,supertrend,SOPHUSDT,BUY,0.0442,7918.6,0.0437,0.0461,101643,CLOSED_PROFIT
2026-08-18 16:53:42,supertrend,BTCUSDT,BUY,65183.28,0.0054,64022.14,67786.12,101645,CLOSED_LOSS
2026-08-18 17:15:47,ml,TRXUSDT,BUY,0.1317,1742.5,0.1291,0.1375,101647,CLOSED_LOSS
2026-08-18 16:52:06,swing,BNBUSDT,BUY,578.38,0.6051,571.95,598.99,101649,CLOSED_PROFIT
2026-08-18 17:07:45,scalper,DOGEUSDT,BUY,0.1034,3384.9,0.102,0.1056,101651,CLOSED_LOSS
2026-08-18 17:00:36,scalper,BNBUSDT,BUY,562.71,0.4707,555.32,574.16,101653,CLOSED_PROFIT
2026-08-18 17:12:27,supertrend,SOPHUSDT,BUY,0.046,7608.7,0.0451,0.0474,101655,CLOSED_PROFIT
2026-08-18 16:56:20,aggressor,SOLUSDT,SELL,149.08,2.3477,150.83,144.77,101657,CLOSED_PROFIT
2026-08-18 17:12:04,ml,SPCXBUSDT,SELL,1.264,149.3196,1.2807,1.2128,101659,CLOSED_LOSS
2026-08-18 17:03:49,ml,ADAUSDT,SELL,0.3528,992.1,0.3602,0.3439,101661,CLOSED_PROFIT
2026-08-18 17:05:06,scalper,PAXGUSDT,BUY,2454.16,0.1426,2428.84,2518.89,101663,CLOSED_LOSS
2026-08-18 17:21:30,adx_ema,ETHUSDT,BUY,2628.07,0.0836,2580.67,2735.27,101665,CLOSED_PROFIT
2026-08-18 16:59:55,swing,SOLUSDT,BUY,140.96,2.2638,139.33,144.76,101667,CLOSED_PROFIT
2026-08-18 17:19:37,supertrend,BTCUSDT,SELL,64091.6,0.0053,64992.09,62966.95,101669,CLOSED_LOSS
2026-08-18 17:12:53,adx_ema,BTCUSDT,BUY,64398.68,0.0054,63169.61,65967.8,101671,CLOSED_LOSS
2026-08-18 17:19:48,aggressor,SOLUSDT,SELL,143.93,2.1909,146.25,140.57,101673,CLOSED_PROFIT
2026-08-18 17:11:29,adx_ema,TRXUSDT,BUY,0.1371,2552.9,0.1345,0.1393,101675,CLOSED_PROFIT
2026-08-18 17:25:15,scalper,DOGEUSDT,BUY,0.1054,3320.7,0.1034,0.1072,101677,CLOSED_PROFIT
2026-08-18 17:10:56,scalper,SPCXBUSDT,SELL,1.2314,252.8504,1.2465,1.2011,101679,CLOSED_LOSS
2026-08-18 17:22:30,swing,SPCXBUSDT,SELL,1.236,283.1715,1.2615,1.1984,101681,CLOSED_PROFIT
2026-08-18 17:14:49,scalper,ADAUSDT,BUY,0.3554,577.1,0.3472,0.3619,101683,CLOSED_PROFIT
2026-08-18 17:09:20,adx_ema,BNBUSDT,SELL,562.92,0.6218,574.63,539.61,101685,CLOSED_PROFIT
2026-08-18 17:27:50,supertrend,BNBUSDT,BUY,580.67,0.5586,566.71,605.53,101687,CLOSED_LOSS
2026-08-18 17:17:31,supertrend,BTCUSDT,BUY,62167.83,0.0056,61255.35,63450.37,101689,CLOSED_PROFIT
2026-08-18 17:27:35,swing,TRXUSDT,BUY,0.1338,2615.8,0.1312,0.1395,101691,CLOSED_LOSS
2026-08-18 17:06:05,swing,DOGEUSDT,BUY,0.1054,3320.7,0.1034,0.1073,101693,CLOSED_PROFIT
2026-08-18 17:16:34,adx_ema,PORTALUSDT,BUY,0.2863,1222.5,0.2793,0.2969,101695,CLOSED_PROFIT
2026-08-18 17:15:50,aggressor,SOLUSDT,BUY,142.08,2.4634,138.75,144.43,101697,CLOSED_PROFIT
2026-08-18 17:21:54,aggressor,PAXGUSDT,SELL,2491.52,0.1405,2528.09,2415.13,101699,CLOSED_LOSS
2026-08-18 17:02:31,scalper,HEMIUSDT,SELL,0.0062,56451.6,0.0063,0.006,101701,CLOSED_LOSS
2026-08-18 17:02:16,ml,HEMIUSDT,BUY,0.0062,56451.6,0.0061,0.0064,101703,CLOSED_PROFIT
2026-08-18 17:23:51,swing,LINKUSDT,BUY,10.8865,31.1551,10.7705,11.2769,101705,CLOSED_PROFIT
2026-08-18 17:23:51,ml,HEMIUSDT,SELL,0.0061,57377.0,0.0062,0.006,101707,CLOSED_LOSS
2026-08-18 17:09:58,aggressor,BNBUSDT,BUY,564.55,0.5615,558.08,582.23,101709,CLOSED_LOSS
2026-08-18 17:31:55,supertrend,SOPHUSDT,BUY,0.045,7777.8,0.044,0.0466,101711,CLOSED_LOSS
2026-08-18 17:04:17,scalper,ETHUSDT,BUY,2614.31,0.1197,2581.38,2712.1,101713,CLOSED_PROFIT
2026-08-18 17:05:17,ml,DOGEUSDT,SELL,0.1024,3418.0,0.1036,0.0999,101715,CLOSED_LOSS
2026-08-18 17:30:31,supertrend,SOPHUSDT,BUY,0.046,7608.7,0.0451,0.048,101717,CLOSED_LOSS
2026-08-18 17:15:30,adx_ema,ADAUSDT,BUY,0.3503,999.1,0.3424,0.3584,101719,CLOSED_PROFIT
2026-08-18 17:25:49,supertrend,TRXUSDT,BUY,0.1372,2551.0,0.1344,0.14,101721,CLOSED_PROFIT
2026-08-18 17:32:39,ml,HEMIUSDT,BUY,0.0061,57377.0,0.006,0.0063,101723,CLOSED_PROFIT
2026-08-18 17:30:38,aggressor,BTCUSDT,SELL,62127.7,0.0056,63101.16,60099.12,101725,CLOSED_PROFIT
2026-08-18 17:32:47,ml,BNBUSDT,BUY,574.32,0.6094,565.49,585.74,101727,CLOSED_PROFIT
2026-08-18 17:08:54,swing,PORTALUSDT,SELL,0.2845,1230.2,0.2899,0.2761,101729,CLOSED_LOSS
2026-08-18 17:31:45,ml,ETHUSDT,BUY,2722.18,0.088,2674.04,2838.34,101731,CLOSED_LOSS
2026-08-18 17:21:52,scalper,SPCXBUSDT,BUY,1.2716,126.1167,1.2438,1.2961,101733,CLOSED_PROFIT
2026-08-18 17:37:38,scalper,SOLUSDT,BUY,141.35,1.7334,139.75,144.51,101735,CLOSED_LOSS
2026-08-18 17:12:28,aggressor,DOGEUSDT,SELL,0.1063,3292.6,0.1087,0.1025,101737,CLOSED_PROFIT
2026-08-18 17:30:23,supertrend,ADAUSDT,SELL,0.3571,980.1,0.3643,0.3413,101739,CLOSED_PROFIT
2026-08-18 17:21:37,swing,DOGEUSDT,SELL,0.1076,3252.8,0.109,0.1053,101741,CLOSED_PROFIT
2026-08-18 17:26:19,supertrend,LINKUSDT,SELL,10.8874,32.1473,11.023,10.5012,101743,CLOSED_LOSS
2026-08-18 17:24:34,ml,SOPHUSDT,BUY,0.0445,7865.2,0.0438,0.0458,101745,CLOSED_PROFIT
2026-08-18 17:17:24,adx_ema,LINKUSDT,SELL,11.2014,31.2461,11.4553,10.7068,101747,CLOSED_LOSS
2026-08-18 17:27:14,aggressor,SOPHUSDT,BUY,0.0446,7847.5,0.044,0.0464,101749,CLOSED_PROFIT
2026-08-18 17:12:56,ml,ETHUSDT,BUY,2578.46,0.1357,2536.21,2669.35,101751,CLOSED_PROFIT
2026-08-18 17:18:31,aggressor,ADAUSDT,BUY,0.3507,455.3,0.3433,0.3615,101753,CLOSED_PROFIT
2026-08-18 17:40:58,ml,SOPHUSDT,BUY,0.0446,7847.5,0.0435,0.0465,101755,CLOSED_PROFIT
2026-08-18 17:24:54,supertrend,DOGEUSDT,BUY,0.1057,3311.3,0.1045,0.1089,101757,CLOSED_LOSS
2026-08-18 17:33:17,aggressor,ADAUSDT,BUY,0.3597,973.0,0.3512,0.3755,101759,CLOSED_PROFIT
2026-08-18 17:31:20,scalper,PAXGUSDT,BUY,2521.04,0.1388,2485.44,2610.96,101761,CLOSED_LOSS
2026-08-18 17:36:18,supertrend,SOPHUSDT,BUY,0.0447,4806.7,0.0442,0.0457,101763,CLOSED_PROFIT
2026-08-18 17:33:31,supertrend,HEMIUSDT,BUY,0.0062,56451.6,0.0061,0.0064,101765,CLOSED_PROFIT
2026-08-18 17:28:47,supertrend,DOGEUSDT,BUY,0.107,3271.0,0.1051,0.1103,101767,CLOSED_PROFIT
2026-08-18 17:31:51,adx_ema,ETHUSDT,BUY,2583.71,0.1355,2546.09,2680.67,101769,CLOSED_PROFIT
2026-08-18 17:34:39,supertrend,PORTALUSDT,SELL,0.2935,1122.8,0.2989,0.2848,101771,CLOSED_PROFIT
2026-08-18 17:30:25,ml,ETHUSDT,BUY,2728.25,0.1274,2694.46,2832.81,101773,CLOSED_PROFIT
2026-08-18 17:34:17,swing,ADAUSDT,BUY,0.3608,970.1,0.3535,0.3731,101775,CLOSED_PROFIT
2026-08-18 17:39:57,ml,TRXUSDT,SELL,0.1322,2647.5,0.1335,0.1269,101777,CLOSED_PROFIT
2026-08-18 17:38:26,adx_ema,PORTALUSDT,SELL,0.2835,1234.6,0.2869,0.274,101779,CLOSED_PROFIT
2026-08-18 17:40:43,swing,DOGEUSDT,BUY,0.1054,2689.5,0.1038,0.1093,101781,CLOSED_PROFIT
2026-08-18 17:25:52,ml,BNBUSDT,BUY,568.7,0.6154,560.26,582.23,101783,CLOSED_PROFIT
2026-08-18 17:35:00,scalper,TRXUSDT,SELL,0.135,2216.3,0.137,0.1292,101785,CLOSED_LOSS
2026-08-18 17:46:09,adx_ema,SOPHUSDT,SELL,0.046,5176.1,0.0466,0.0443,101787,CLOSED_PROFIT
2026-08-18 17:41:33,ml,TRXUSDT,BUY,0.1375,2545.5,0.136,0.1412,101789,CLOSED_LOSS
2026-08-18 17:29:31,scalper,ETHUSDT,BUY,2685.3,0.1303,2652.73,2745.16,101791,CLOSED_PROFIT
2026-08-18 17:30:18,adx_ema,TRXUSDT,BUY,0.1371,2552.9,0.135,0.141,101793,CLOSED_PROFIT
2026-08-18 17:31:44,supertrend,PAXGUSDT,BUY,2567.25,0.1363,2529.77,2660.89,101795,CLOSED_PROFIT
2026-08-18 17:26:48,adx_ema,BNBUSDT,BUY,583.74,0.5996,575.91,607.4,101797,CLOSED_PROFIT
2026-08-18 17:34:56,swing,HEMIUSDT,SELL,0.0062,42200.0,0.0063,0.0059,101799,CLOSED_PROFIT
2026-08-18 17:32:04,ml,PAXGUSDT,SELL,2569.81,0.1247,2608.71,2507.42,101801,CLOSED_PROFIT
2026-08-18 17:40:53,scalper,SOPHUSDT,SELL,0.0449,7795.1,0.0459,0.0431,101803,CLOSED_LOSS
2026-08-18 17:26:07,aggressor,SOPHUSDT,BUY,0.0462,7575.8,0.0451,0.0481,101805,CLOSED_LOSS
2026-08-18 17:29:53,scalper,PAXGUSDT,BUY,2554.77,0.137,2496.36,2610.59,101807,CLOSED_PROFIT
2026-08-18 17:40:33,aggressor,LINKUSDT,BUY,11.4729,20.6487,11.3224,11.729,101809,CLOSED_PROFIT
2026-08-18 17:34:55,adx_ema,DOGEUSDT,BUY,0.1049,3336.5,0.1037,0.1083,101811,CLOSED_PROFIT
2026-08-18 17:41:35,ml,HEMIUSDT,SELL,0.0064,48768.8,0.0065,0.0062,101813,CLOSED_PROFIT
2026-08-18 17:42:09,swing,LINKUSDT,BUY,11.049,31.6771,10.8656,11.5387,101815,CLOSED_PROFIT
2026-08-18 17:44:19,ml,TRXUSDT,BUY,0.1315,2661.6,0.1284,0.1352,101817,CLOSED_LOSS
2026-08-18 17:45:50,scalper,SPCXBUSDT,BUY,1.2501,279.9776,1.2357,1.2801,101819,CLOSED_LOSS
2026-08-18 17:53:22,ml,SPCXBUSDT,BUY,1.2583,278.1531,1.2272,1.3018,101821,CLOSED_LOSS
2026-08-18 17:53:12,supertrend,TRXUSDT,BUY,0.1334,2623.7,0.1314,0.1366,101823,CLOSED_PROFIT
2026-08-18 17:37:39,ml,BTCUSDT,BUY,65309.7,0.0052,63966.6,66698.07,101825,CLOSED_LOSS
2026-08-18 17:52:41,ml,SPCXBUSDT,BUY,1.2723,275.0924,1.2543,1.2942,101827,CLOSED_PROFIT
2026-08-18 17:46:47,adx_ema,BTCUSDT,SELL,62546.91,0.0056,63228.03,61503.41,101829,CLOSED_PROFIT
2026-08-18 17:48:02,scalper,TRXUSDT,BUY,0.1389,2519.8,0.1357,0.1434,101831,CLOSED_PROFIT
2026-08-18 17:58:24,adx_ema,PAXGUSDT,BUY,2538.55,0.1379,2480.01,2629.88,101833,CLOSED_PROFIT
2026-08-18 17:30:29,supertrend,BNBUSDT,BUY,578.64,0.6049,566.74,591.75,101835,CLOSED_PROFIT
2026-08-18 17:57:21,ml,ADAUSDT,BUY,0.3638,737.1,0.3578,0.3696,101837,CLOSED_PROFIT
2026-08-18 17:33:31,supertrend,PORTALUSDT,BUY,0.2861,1223.3,0.281,0.2972,101839,CLOSED_PROFIT
2026-08-18 17:50:35,aggressor,SPCXBUSDT,BUY,1.2474,280.5836,1.2321,1.2785,101841,CLOSED_PROFIT
2026-08-18 17:51:18,ml,BTCUSDT,BUY,63971.26,0.0036,63022.2,65219.65,101843,CLOSED_LOSS
2026-08-18 17:35:13,adx_ema,SOPHUSDT,BUY,0.0461,7592.2,0.0455,0.047,101845,CLOSED_PROFIT
2026-08-18 17:41:27,scalper,SPCXBUSDT,BUY,1.2371,229.5934,1.2209,1.2669,101847,CLOSED_PROFIT
2026-08-18 17:47:52,scalper,BTCUSDT,BUY,64773.14,0.0054,63402.6,67182.53,101849,CLOSED_PROFIT
2026-08-18 17:58:19,aggressor,PORTALUSDT,BUY,0.2851,1227.6,0.2816,0.2912,101851,CLOSED_PROFIT
2026-08-18 18:00:53,scalper,ADAUSDT,BUY,0.3614,853.1,0.3572,0.3718,101853,CLOSED_PROFIT
2026-08-18 17:47:11,supertrend,DOGEUSDT,BUY,0.1046,3346.1,0.102,0.1064,101855,CLOSED_LOSS
2026-08-18 18:00:19,adx_ema,HEMIUSDT,BUY,0.0061,57377.0,0.006,0.0062,101857,CLOSED_PROFIT
2026-08-18 18:02:20,adx_ema,HEMIUSDT,BUY,0.0062,56451.6,0.0061,0.0064,101859,CLOSED_LOSS
2026-08-18 17:36:00,scalper,SPCXBUSDT,SELL,1.2278,285.0627,1.2556,1.1865,101861,CLOSED_PROFIT
2026-08-18 17:43:09,scalper,HEMIUSDT,BUY,0.0062,56451.6,0.0061,0.0063,101863,CLOSED_PROFIT
2026-08-18 17:40:20,ml,TRXUSDT,SELL,0.132,2651.5,0.1339,0.1282,101865,CLOSED_PROFIT
2026-08-18 17:41:15,adx_ema,SOPHUSDT,SELL,0.045,7777.8,0.0455,0.0436,101867,CLOSED_PROFIT
2026-08-18 17:56:57,ml,HEMIUSDT,BUY,0.0061,57377.0,0.006,0.0063,101869,CLOSED_PROFIT
2026-08-18 17:58:47,scalper,SPCXBUSDT,SELL,1.2406,282.1216,1.2688,1.1942,101871,CLOSED_PROFIT
2026-08-18 18:05:32,scalper,BTCUSDT,BUY,62211.78,0.0056,61138.15,63786.8,101873,CLOSED_LOSS
2026-08-18 17:46:46,swing,TRXUSDT,SELL,0.1319,2653.5,0.135,0.1286,101875,CLOSED_PROFIT
2026-08-18 17:41:42,adx_ema,TRXUSDT,BUY,0.1371,2552.9,0.1349,0.1393,101877,CLOSED_PROFIT
2026-08-18 17:56:07,swing,ETHUSDT,BUY,2709.36,0.1282,2642.26,2756.74,101879,CLOSED_PROFIT
2026-08-18 17:40:55,scalper,SOLUSDT,BUY,142.38,2.4582,139.29,146.92,101881,CLOSED_LOSS
2026-08-18 18:04:10,swing,HEMIUSDT,BUY,0.0061,57377.0,0.006,0.0062,101883,CLOSED_PROFIT
2026-08-18 17:56:07,scalper,ADAUSDT,BUY,0.3648,959.4,0.3562,0.3809,101885,CLOSED_PROFIT
2026-08-18 17:56:58,aggressor,BTCUSDT,BUY,62390.36,0.0056,61703.93,64739.67,101887,CLOSED_LOSS
2026-08-18 17:54:41,scalper,ADAUSDT,SELL,0.3569,833.5,0.3617,0.3414,101889,CLOSED_PROFIT
2026-08-18 17:57:28,ml,SOLUSDT,BUY,147.27,1.0631,145.11,149.93,101891,CLOSED_PROFIT
2026-08-18 17:54:51,adx_ema,PAXGUSDT,BUY,2445.3,0.1431,2408.33,2501.94,101893,CLOSED_LOSS
2026-08-18 17:54:37,swing,ADAUSDT,SELL,0.3605,604.9,0.3695,0.3486,101895,CLOSED_PROFIT
2026-08-18 18:00:00,ml,HEMIUSDT,BUY,0.0063,55555.6,0.0062,0.0064,101897,CLOSED_PROFIT
2026-08-18 18:09:44,aggressor,DOGEUSDT,BUY,0.1063,3292.6,0.1049,0.1093,101899,CLOSED_LOSS
2026-08-18 18:09:34,ml,PORTALUSDT,BUY,0.2867,1220.8,0.2797,0.296,101901,CLOSED_PROFIT
2026-08-18 18:11:24,ml,ADAUSDT,BUY,0.3581,977.4,0.3499,0.3639,101903,CLOSED_LOSS
2026-08-18 17:52:59,swing,SOLUSDT,BUY,146.14,2.1277,143.78,148.46,101905,CLOSED_PROFIT
2026-08-18 18:03:25,supertrend,SOLUSDT,BUY,143.47,2.4395,140.38,146.31,101907,CLOSED_LOSS
2026-08-18 17:48:37,scalper,SPCXBUSDT,BUY,1.2375,282.8283,1.2096,1.2645,101909,CLOSED_LOSS
2026-08-18 17:57:55,swing,DOGEUSDT,BUY,0.1066,3283.3,0.1048,0.1093,101911,CLOSED_LOSS
2026-08-18 18:09:44,aggressor,BTCUSDT,BUY,65057.64,0.0054,63668.56,67084.03,101913,CLOSED_PROFIT
2026-08-18 18:14:14,ml,SOPHUSDT,BUY,0.0456,7675.4,0.0445,0.0464,101915,CLOSED_LOSS
2026-08-18 18:15:17,aggressor,PORTALUSDT,BUY,0.284,903.5,0.2783,0.2906,101917,CLOSED_LOSS
2026-08-18 18:06:04,adx_ema,TRXUSDT,BUY,0.1311,1522.9,0.1286,0.1364,101919,CLOSED_LOSS
2026-08-18 17:55:41,swing,PAXGUSDT,SELL,2547.17,0.1374,2603.34,2488.82,101921,CLOSED_PROFIT
2026-08-18 18:16:18,adx_ema,DOGEUSDT,BUY,0.1025,3414.6,0.1004,0.1057,101923,CLOSED_PROFIT
2026-08-18 18:03:49,ml,SOLUSDT,BUY,144.65,2.4196,143.06,151.14,101925,CLOSED_PROFIT
2026-08-18 18:13:17,adx_ema,TRXUSDT,BUY,0.1365,2243.5,0.134,0.1424,101927,CLOSED_PROFIT
2026-08-18 17:54:16,scalper,ADAUSDT,BUY,0.3558,983.7,0.3492,0.3705,101929,CLOSED_LOSS
2026-08-18 17:56:24,aggressor,DOGEUSDT,BUY,0.1056,3314.4,0.1044,0.1085,101931,CLOSED_PROFIT
2026-08-18 18:03:11,aggressor,BNBUSDT,BUY,574.15,0.4331,562.37,594.57,101933,CLOSED_LOSS
2026-08-18 18:02:36,aggressor,BNBUSDT,BUY,568.77,0.5876,562.31,581.75,101935,CLOSED_LOSS
2026-08-18 18:09:05,aggressor,TRXUSDT,BUY,0.1381,1942.9,0.1353,0.1406,101937,CLOSED_PROFIT
2026-08-18 18:14:46,swing,BTCUSDT,BUY,65236.26,0.0053,64406.01,66642.18,101939,CLOSED_LOSS
2026-08-18 17:55:58,ml,BNBUSDT,BUY,590.94,0.5923,576.74,615.55,101941,CLOSED_LOSS
2026-08-18 18:14:45,supertrend,ETHUSDT,BUY,2713.64,0.129,2645.91,2829.24,101943,CLOSED_PROFIT
2026-08-18 17:54:42,adx_ema,ETHUSDT,BUY,2609.65,0.1341,2564.34,2710.96,101945,CLOSED_LOSS
2026-08-18 18:02:45,swing,ETHUSDT,BUY,2715.49,0.1289,2667.09,2817.88,101947,CLOSED_PROFIT
2026-08-18 18:03:58,adx_ema,LINKUSDT,SELL,11.1564,14.0906,11.2854,10.8012,101949,CLOSED_PROFIT
2026-08-18 18:04:39,adx_ema,SPCXBUSDT,BUY,1.2266,285.3416,1.2006,1.266,101951,CLOSED_LOSS
2026-08-18 18:00:27,ml,LINKUSDT,BUY,11.5119,27.9858,11.2459,11.9396,101953,CLOSED_PROFIT
2026-08-18 17:55:18,aggressor,SOLUSDT,BUY,148.41,2.3583,146.47,151.56,101955,CLOSED_PROFIT
2026-08-18 18:00:03,aggressor,LINKUSDT,BUY,11.5255,30.3674,11.346,11.9881,101957,CLOSED_PROFIT
2026-08-18 18:08:30,adx_ema,ADAUSDT,BUY,0.3644,960.5,0.3585,0.37,101959,CLOSED_PROFIT
2026-08-18 18:01:28,swing,LINKUSDT,SELL,10.8921,32.1334,11.1137,10.7057,101961,CLOSED_LOSS
2026-08-18 18:05:23,supertrend,PAXGUSDT,BUY,2578.57,0.1357,2541.77,2639.41,101963,CLOSED_PROFIT
2026-08-18 18:03:10,swing,ETHUSDT,BUY,2590.71,0.1351,2560.55,2647.34,101965,CLOSED_PROFIT
2026-08-18 18:23:31,ml,SOLUSDT,SELL,147.07,2.3798,150.0,142.64,101967,CLOSED_PROFIT
2026-08-18 18:07:40,scalper,BTCUSDT,BUY,65107.21,0.0044,63827.07,66848.13,101969,CLOSED_PROFIT
2026-08-18 18:08:58,adx_ema,DOGEUSDT,BUY,0.1073,1897.8,0.1054,0.1107,101971,CLOSED_PROFIT
2026-08-18 17:58:40,swing,PAXGUSDT,BUY,2543.75,0.0893,2483.91,2634.13,101973,CLOSED_PROFIT
2026-08-18 18:12:10,scalper,ETHUSDT,BUY,2573.65,0.136,2525.85,2642.06,101975,CLOSED_PROFIT
2026-08-18 18:24:21,supertrend,PORTALUSDT,SELL,0.2846,1229.8,0.2912,0.2784,101977,CLOSED_PROFIT
2026-08-18 18:13:32,supertrend,BNBUSDT,SELL,590.63,0.4824,602.83,572.18,101979,CLOSED_PROFIT
2026-08-18 18:24:55,ml,ADAUSDT,SELL,0.36,972.2,0.3656,0.3511,101981,CLOSED_PROFIT
2026-08-18 18:04:21,scalper,PORTALUSDT,SELL,0.2858,1224.6,0.2914,0.2797,101983,CLOSED_PROFIT
2026-08-18 18:01:52,aggressor,ADAUSDT,BUY,0.3515,995.7,0.343,0.3613,101985,CLOSED_LOSS
2026-08-18 18:27:30,adx_ema,LINKUSDT,SELL,11.2504,31.11,11.4163,10.9987,101987,CLOSED_LOSS
2026-08-18 18:12:35,adx_ema,PAXGUSDT,BUY,2553.22,0.0609,2494.67,2595.56,101989,CLOSED_LOSS
2026-08-18 18:12:40,supertrend,SOLUSDT,BUY,146.07,2.3961,143.63,149.74,101991,CLOSED_PROFIT
2026-08-18 18:06:36,ml,BNBUSDT,SELL,568.11,0.6161,582.17,547.83,101993,CLOSED_LOSS
2026-08-18 18:18:12,aggressor,ETHUSDT,SELL,2645.68,0.1323,2695.4,2527.59,101995,CLOSED_PROFIT
2026-08-18 18:08:40,adx_ema,TRXUSDT,BUY,0.139,2518.0,0.1373,0.1423,101997,CLOSED_PROFIT
2026-08-18 18:16:27,supertrend,SOPHUSDT,BUY,0.0446,7847.5,0.0437,0.0461,101999,CLOSED_LOSS
2026-08-18 18:05:47,aggressor,PAXGUSDT,BUY,2571.12,0.0764,2533.58,2644.31,102001,CLOSED_PROFIT
2026-08-18 18:20:52,aggressor,SOPHUSDT,BUY,0.044,7954.5,0.0431,0.0447,102003,CLOSED_PROFIT
2026-08-18 18:29:47,ml,HEMIUSDT,BUY,0.0063,55555.6,0.0062,0.0065,102005,CLOSED_PROFIT
2026-08-18 18:31:40,aggressor,LINKUSDT,BUY,11.4053,30.6875,11.138,11.5843,102007,CLOSED_PROFIT
2026-08-18 18:11:24,scalper,ETHUSDT,BUY,2707.83,0.0504,2647.97,2819.13,102009,CLOSED_PROFIT
2026-08-18 18:09:37,supertrend,SOPHUSDT,BUY,0.0438,7990.9,0.0428,0.0447,102011,CLOSED_PROFIT
2026-08-18 18:13:16,aggressor,SOLUSDT,SELL,143.44,2.44,145.3,137.04,102013,CLOSED_PROFIT
2026-08-18 18:11:33,ml,BTCUSDT,BUY,61898.12,0.0057,60463.78,63895.14,102015,CLOSED_LOSS
2026-08-18 18:35:53,scalper,DOGEUSDT,SELL,0.1059,3305.0,0.1078,0.1034,102017,CLOSED_PROFIT
2026-08-18 18:36:05,adx_ema,SOPHUSDT,BUY,0.0457,3552.5,0.045,0.0474,102019,CLOSED_PROFIT
2026-08-18 18:17:33,adx_ema,BTCUSDT,BUY,63835.81,0.0055,62545.29,66092.14,102021,CLOSED_LOSS
2026-08-18 18:32:35,ml,HEMIUSDT,SELL,0.0061,57377.0,0.0062,0.006,102023,CLOSED_PROFIT
2026-08-18 18:20:14,ml,DOGEUSDT,SELL,0.1047,3342.9,0.1064,0.1031,102025,CLOSED_PROFIT
2026-08-18 18:23:12,supertrend,ADAUSDT,SELL,0.3612,969.0,0.368,0.3538,102027,CLOSED_PROFIT
2026-08-18 18:25:02,ml,BTCUSDT,BUY,62751.42,0.0056,61909.54,64608.61,102029,CLOSED_PROFIT
2026-08-18 18:38:06,aggressor,SOPHUSDT,BUY,0.0438,7990.9,0.0432,0.0448,102031,CLOSED_PROFIT
2026-08-18 18:38:38,scalper,SOPHUSDT,BUY,0.0455,6358.5,0.045,0.0466,102033,CLOSED_LOSS
2026-08-18 18:33:09,aggressor,TRXUSDT,SELL,0.1339,2613.9,0.1366,0.1282,102035,CLOSED_LOSS
2026-08-18 18:32:44,supertrend,PAXGUSDT,BUY,2570.52,0.1362,2522.75,2679.36,102037,CLOSED_PROFIT
2026-08-18 18:32:55,ml,PORTALUSDT,BUY,0.2852,1168.7,0.2797,0.2902,102039,CLOSED_LOSS
2026-08-18 18:34:23,ml,ETHUSDT,BUY,2696.31,0.092,2635.06,2741.53,102041,CLOSED_PROFIT
2026-08-18 18:19:37,swing,TRXUSDT,BUY,0.1387,2523.4,0.1355,0.1416,102043,CLOSED_LOSS
2026-08-18 18:23:47,adx_ema,LINKUSDT,BUY,11.2158,31.206,11.0404,11.6198,102045,CLOSED_PROFIT
2026-08-18 18:29:11,adx_ema,BTCUSDT,BUY,62999.49,0.0056,61947.38,64666.49,102047,CLOSED_LOSS
2026-08-18 18:30:44,supertrend,TRXUSDT,SELL,0.1333,2625.7,0.1347,0.1311,102049,CLOSED_PROFIT
2026-08-18 18:34:16,aggressor,PAXGUSDT,BUY,2494.27,0.1403,2468.04,2552.85,102051,CLOSED_PROFIT
2026-08-18 18:26:49,aggressor,TRXUSDT,BUY,0.1322,2647.5,0.1304,0.1372,102053,CLOSED_PROFIT
2026-08-18 18:19:38,ml,TRXUSDT,SELL,0.1361,2137.0,0.1391,0.1307,102055,CLOSED_LOSS
2026-08-18 18:20:48,aggressor,SOLUSDT,BUY,146.24,2.3933,144.69,151.76,102057,CLOSED_PROFIT
2026-08-18 18:24:22,swing,BTCUSDT,SELL,61684.59,0.0057,62364.32,60388.98,102059,CLOSED_PROFIT
2026-08-18 18:34:24,supertrend,PORTALUSDT,SELL,0.2801,1249.6,0.286,0.2735,102061,CLOSED_PROFIT
2026-08-18 18:40:18,supertrend,LINKUSDT,BUY,11.4674,30.5213,11.275,11.7927,102063,CLOSED_PROFIT
2026-08-18 18:40:48,aggressor,ETHUSDT,BUY,2688.61,0.1302,2638.73,2789.21,102065,CLOSED_PROFIT
2026-08-18 18:24:23,ml,DOGEUSDT,BUY,0.1054,3320.7,0.1035,0.108,102067,CLOSED_LOSS
2026-08-18 18:47:53,supertrend,HEMIUSDT,SELL,0.0062,49169.4,0.0063,0.0061,102069,CLOSED_LOSS
2026-08-18 18:20:52,aggressor,BTCUSDT,BUY,65202.26,0.0054,64177.19,67291.56,102071,CLOSED_PROFIT
2026-08-18 18:46:47,supertrend,HEMIUSDT,BUY,0.0062,47927.4,0.0061,0.0063,102073,CLOSED_LOSS
2026-08-18 18:43:52,scalper,TRXUSDT,BUY,0.1316,2659.6,0.1291,0.1358,102075,CLOSED_PROFIT
2026-08-18 18:21:48,aggressor,SOLUSDT,SELL,140.91,2.4839,143.19,134.68,102077,CLOSED_LOSS
2026-08-18 18:20:46,supertrend,HEMIUSDT,BUY,0.0063,30904.8,0.0062,0.0064,102079,CLOSED_LOSS
2026-08-18 18:39:43,swing,ADAUSDT,BUY,0.3596,973.3,0.3555,0.369,102081,CLOSED_PROFIT
2026-08-18 18:31:32,swing,HEMIUSDT,BUY,0.0063,44711.1,0.0062,0.0065,102083,CLOSED_PROFIT
2026-08-18 18:37:22,swing,SOPHUSDT,BUY,0.0462,4621.9,0.0456,0.0482,102085,CLOSED_LOSS
2026-08-18 18:29:25,supertrend,BTCUSDT,BUY,63653.2,0.0055,62254.04,64874.43,102087,CLOSED_LOSS
2026-08-18 18:49:42,swing,ETHUSDT,BUY,2662.0,0.1315,2597.75,2761.0,102089,CLOSED_PROFIT
2026-08-18 18:28:32,ml,PAXGUSDT,BUY,2521.6,0.1388,2459.02,2576.51,102091,CLOSED_LOSS
2026-08-18 18:42:08,aggressor,HEMIUSDT,SELL,0.0061,57377.0,0.0062,0.0059,102093,CLOSED_LOSS
2026-08-18 18:38:28,aggressor,BTCUSDT,BUY,62056.3,0.0056,61369.33,63458.96,102095,CLOSED_LOSS
2026-08-18 18:25:54,swing,HEMIUSDT,BUY,0.0062,49446.8,0.0061,0.0064,102097,CLOSED_LOSS
2026-08-18 18:46:04,supertrend,DOGEUSDT,BUY,0.1063,3292.6,0.1044,0.1082,102099,CLOSED_LOSS
